"","Chromosome","Position","Major","Minor","Frequency","N","LRT","high_WT/HE/HO","CHR_NUM","log10p","p","bonfer","BHfdr","adjpchrom","BHfdrchrom"
"1","CM046583.1",21681362,"A","C",0.026602,297,402.502754,"282/14/0","14",89.1038368688296,7.87341478041752e-90,3.25746789710214e-85,3.25746789710214e-85,1.21565524209646e-86,1.21565524209646e-86
"2","CM046578.1",17410385,"C","T",0.020005,297,365.020235,"286/10/0","9",80.9433853261238,1.13923855395597e-81,4.71337166928204e-77,2.35668583464102e-77,1.58126311289089e-78,1.58126311289089e-78
"3","CM046570.1",39614491,"C","G",0.041398,297,339.774262,"272/24/0","1",75.4457287127762,3.58320196189252e-76,1.48247814769379e-71,4.94159382564597e-72,7.01590944138555e-73,7.01590944138555e-73
"4","CM046577.1",18051857,"A","T",0.031529,297,305.893198,"280/15/1","8",68.0657388156957,8.59530286827314e-69,3.55613465569065e-64,8.89033663922662e-65,1.54887357686282e-65,1.54887357686282e-65
"5","CM046583.1",21681352,"C","T",0.028264,297,151.653,"281/15/0","14",34.420545969189,3.79711745126968e-35,1.5709814031138e-30,3.1419628062276e-31,5.86274934476038e-32,2.93137467238019e-32
"6","CM046571.1",11779855,"T","A",0.022567,297,147.58417,"283/12/0","2",33.5311051464149,2.94370885038398e-34,1.21790066266936e-29,2.02983443778227e-30,5.57832827147765e-31,5.57832827147765e-31
"7","CM046580.1",27280028,"A","T",0.020916,297,140.950983,"285/10/0","11",32.0807410565546,8.30345704705313e-33,3.43538928407729e-28,4.90769897725327e-29,1.38252559833435e-29,1.38252559833435e-29
"8","CM046570.1",46490264,"A","C",0.035073,297,136.102278,"278/17/1","1",31.0202567862253,9.5442809241779e-32,3.94875534676012e-27,4.93594418345015e-28,1.86877020495403e-28,9.34385102477016e-29
"9","CM046579.1",55752130,"G","T",0.040339,297,118.915104,"275/20/1","10",27.2587951852691,5.51067520420286e-28,2.27993165223485e-23,2.53325739137205e-24,7.78107338833444e-25,7.78107338833444e-25
"10","CM046584.1",16450250,"A","T",0.038327,297,104.28857,"274/22/0","15",24.0541835287061,8.82706798115025e-25,3.65202283584129e-20,3.65202283584129e-21,1.16958650750241e-21,1.16958650750241e-21
"11","CM046580.1",72172334,"G","A",0.02232,297,81.329163,"284/12/0","11",19.0146164399224,9.66904452405549e-20,4.00037379093748e-15,3.6367034463068e-16,1.60989591325524e-16,8.04947956627619e-17
"12","CM046583.1",21681343,"A","T",0.026729,297,57.694909,"282/14/0","14",13.8079489868302,1.55614840943024e-14,6.43825281433571e-10,5.3652106786131e-11,2.40269314416028e-11,8.00897714720095e-12
"13","CM046586.1",59238221,"A","G",0.021812,297,48.584958,"285/11/1","17",11.7924304314465,1.61275935055859e-12,6.67246926106605e-08,5.1326686623585e-09,2.3481776144133e-09,2.3481776144133e-09
"14","CM046579.1",22309125,"C","A",0.026817,297,42.762326,"281/15/0","10",10.5003417017788,3.15979056680509e-11,1.30730015120427e-06,8.83222595951159e-08,4.46162428032879e-08,2.23081214016439e-08
"15","CM046583.1",9341922,"A","G",0.025177,297,42.736289,"283/13/1","14",10.4945555828211,3.20217024128475e-11,1.32483389392674e-06,8.83222595951159e-08,4.94415085254365e-08,1.23603771313591e-08
"16","CM046587.1",45399919,"C","A",0.026063,297,40.869429,"282/13/1","18",10.0794729658401,8.32773763250708e-11,3.44543489069716e-06,2.15339680668572e-07,1.07094705954041e-07,1.07094705954041e-07
"17","CM046574.1",86451016,"C","A",0.048404,297,36.736686,"270/25/1","5",9.15890992889826,6.93569634930165e-10,2.86950565059657e-05,1.68794450035092e-06,1.81299102570745e-06,1.81299102570745e-06
"18","CM046584.1",52130150,"G","A",0.046772,297,36.319729,"272/22/1","15",9.0658901783242,8.59230770946145e-10,3.55489546863549e-05,1.97494192701971e-06,1.13848077150364e-06,5.69240385751821e-07
"19","CM046594.1",81904052,"C","T",0.024037,297,35.909086,"282/12/0","25",8.97425105972188,1.06108198283136e-09,4.39001448756818e-05,2.31053394082536e-06,1.93223029073591e-06,1.93223029073591e-06
"20","CM046590.1",36936133,"T","C",0.018669,297,33.620196,"286/11/0","21",8.46292285631869,3.44411103036723e-09,0.000142493205659383,7.12466028296916e-06,3.2477967016363e-06,3.2477967016363e-06
"21","CM046592.1",27313975,"G","A",0.035862,297,32.987114,"278/16/2","23",8.32132288690783,4.77174374726708e-09,0.000197421354055681,9.40101685979433e-06,5.26323335323559e-06,5.26323335323559e-06
"22","CM046594.1",65788996,"C","T",0.030662,297,32.444814,"279/17/0","25",8.19996442185452,6.31009035700454e-09,0.000261067368340349,1.18666985609249e-05,1.14906745401053e-05,5.74533727005263e-06
"23","CM046579.1",39972621,"C","A",0.035738,297,31.112586,"277/19/1","10",7.90157019798696,1.25438196713561e-08,0.000518975451263017,2.25641500549138e-05,1.77118733759548e-05,5.90395779198495e-06
"24","CM046580.1",707120,"C","T",0.022052,297,30.660136,"284/13/0","11",7.80014091224792,1.58437903756289e-08,0.000655505139210893,2.73127141337872e-05,2.6379910975422e-05,8.79330365847402e-06
"25","CM046576.1",84301032,"A","G",0.016892,297,28.288479,"287/10/0","7",7.26765989833125,5.39933285789782e-08,0.00223386598329807,8.93546393319227e-05,9.24905718557897e-05,9.24905718557897e-05
"26","CM046594.1",20032942,"T","A",0.090945,297,27.103753,"246/44/4","25",7.0011098330069,9.97447777534584e-08,0.00412674068999383,0.000158720795768994,0.000181635240289048,6.05450800963492e-05
"27","CM046578.1",26134982,"C","T",0.095759,297,26.995055,"244/46/4","9",6.97663375508853,1.05527644651295e-07,0.00436599524215804,0.000161703527487335,0.000146472370775998,7.32361853879989e-05
"28","CM046577.1",26192647,"G","A",0.018112,297,26.635242,"286/10/0","8",6.89558757006348,1.27178128540222e-07,0.00526174071209462,0.000187919311146236,0.000229174987629481,0.00011458749381474
"29","CM046570.1",29249315,"A","C",0.049167,297,26.051894,"271/23/3","1",6.76410648906695,1.72144642433139e-07,0.00712214029138624,0.00024559104453056,0.000337059209884085,0.000112353069961362
"30","CM046573.1",34753217,"T","A",0.0425,297,25.931091,"271/23/0","4",6.73686519431745,1.83288326389739e-07,0.00758318792772268,0.000252772930924089,0.00035136372168913,0.000211721793163992
"31","CM046573.1",16938170,"T","G",0.058574,297,25.571845,"264/27/3","4",6.65582655365033,2.2088867309754e-07,0.00913882707206451,0.000294800873292404,0.000423443586327984,0.000211721793163992
"32","CM046574.1",37936559,"T","G",0.106929,297,24.570203,"237/52/3","5",6.42964609757706,3.71838112996599e-07,0.0153840582490083,0.000480751820281509,0.00097198482737311,0.000382352616914137
"33","CM046588.1",36299532,"C","T",0.058352,297,24.374381,"265/29/2","19",6.38538631592171,4.11731110924056e-07,0.017034551252261,0.000516198522795787,0.000522898510873551,0.000454411515276431
"34","CM046581.1",15989203,"A","T",0.044973,297,24.085136,"271/24/0","12",6.31998531600389,4.78646275630335e-07,0.0198030323616538,0.000550169561648325,0.000894111242877465,0.000894111242877465
"35","CM046571.1",49706275,"A","T",0.041013,297,24.075389,"274/21/1","2",6.31778088686652,4.81082005916531e-07,0.0199038058307846,0.000550169561648325,0.000911650401211826,0.000306485334537355
"36","CM046571.1",49706276,"G","T",0.041081,297,24.059018,"274/21/1","2",6.31407826142129,4.85201057315073e-07,0.0200742233442965,0.000550169561648325,0.000919456003612064,0.000306485334537355
"37","CM046574.1",63164884,"T","G",0.042108,297,24.032227,"272/25/0","5",6.30801872992074,4.92018315833709e-07,0.020356273780988,0.000550169561648325,0.00128613587758931,0.000382352616914137
"38","CM046587.1",51010983,"T","C",0.026833,297,23.891775,"282/14/1","18",6.27624716493628,5.29362088495633e-07,0.0219012976873298,0.000562064879664709,0.000680759645805384,0.000227119151577952
"39","CM046587.1",51010982,"G","A",0.026833,297,23.89009,"282/14/1","18",6.27586595669004,5.29826947693511e-07,0.0219205303069236,0.000562064879664709,0.000681357454733856,0.000227119151577952
"40","CM046574.1",45770181,"A","C",0.054886,297,23.699681,"262/27/1","5",6.23278152496457,5.8508434110809e-07,0.024206694444665,0.000605167361116625,0.00152941046765655,0.000382352616914137
"41","CM046571.1",69013806,"A","C",0.020213,297,23.464132,"285/12/0","2",6.17946370587867,6.61509817749863e-07,0.0273686456897651,0.000667527943652807,0.00125356110463599,0.000313390276158998
"42","CM046588.1",10509132,"G","T",0.020242,297,23.313361,"285/12/0","19",6.14532439696039,7.15608685474694e-07,0.0296068781441445,0.000704925670098679,0.000908823030552861,0.000454411515276431
"43","CM046594.1",84712898,"A","G",0.041116,297,23.097764,"273/22/1","25",6.09649062875867,8.00772907462612e-07,0.0331303775004506,0.000770473895359317,0.00145820746448942,0.000319731998365937
"44","CM046594.1",84712958,"G","T",0.038307,297,22.823989,"275/20/1","25",6.03445194770994,9.23736389104235e-07,0.0382177456264095,0.000868585127872944,0.00168212396455881,0.000319731998365937
"45","CM046594.1",65789010,"G","T",0.034061,297,22.572221,"277/19/0","25",5.97737259333305,1.05348269642813e-06,0.043585739599321,0.000955914928590974,0.00191839199019562,0.000319731998365937
"46","CM046589.1",43765844,"T","C",0.028357,297,22.55532,"283/10/3","20",5.9735399374406,1.06282084246211e-06,0.0439720867151848,0.000955914928590974,0.0010798259759415,0.0010798259759415
"47","CM046598.1",6030634,"A","C",0.016843,297,22.462283,"287/10/0","29",5.95243966039128,1.11573315729347e-06,0.0461612279167026,0.000982153785461757,0.000938331585283805,0.000938331585283805
