taxa,PC1,PC2
L01_1,-25.7489209080041,-1.97040556598574
L01_10,-23.3505451089951,2.34461606037731
L01_13,-26.2864621365034,4.06884545523683
L01_14,-25.140068582183,3.77546991397074
L01_16,-22.4076706647022,9.86283424650918
L01_17,-24.1270128612638,4.74192260469126
L01_18,-28.1372540871979,3.36045282974408
L01_2,-25.898463540934,2.73391286444795
L01_21,-26.298514320604,8.75910126615339
L01_22,-23.4037955259375,-11.5881829541946
L01_24,-26.4182469626279,10.1906680140382
L01_25,-13.8929969850523,-11.4482104097613
L01_26,-26.0746190273596,1.19751354570882
L01_29,-21.5464032959871,-10.8765278985263
L01_30,-26.1779808991984,5.84201024233451
L01_32,-15.9025561719793,-10.8491561272803
L01_33,0.583172476084183,-12.514259467586
L01_34,-28.6926577659674,3.2344554235213
L01_37,-25.6409964228788,4.23576355354024
L01_38,-21.601441301661,-47.7474037189059
L01_40,-8.63399392235678,9.70403878013573
L01_41,-24.0574684247379,5.19793533548123
L01_42,-25.8794792839873,3.77577804304171
L01_45,-25.9658554216799,-4.03464985217482
L01_46,-25.8768966126438,5.35064754444504
L01_48,-25.9249837064711,9.84057567398624
L01_49,-10.4326057545721,-17.9798869977287
L01_5,-17.1249356927633,-66.9828619238287
L01_50,-26.1776008019059,3.60926153585355
L01_54,-18.0723222838065,4.63434263863602
L01_56,-23.9414982496739,1.50590960225446
L01_57,2.85562740288529,3.32847322325695
L01_58,-22.9219183838979,-0.480362599306886
L01_6,-26.1548717115748,6.24132426853613
L01_61,-26.2383950265448,12.0052384371766
L01_62,-26.7452414124536,3.06283023106213
L01_64,-21.3470528149382,7.39331224752686
L01_65,-20.2816053447019,3.31760433365881
L01_66,-21.4481734477127,3.66304397764556
L01_69,-22.8098045250604,2.81390765425903
L01_70,-23.3886289649739,-11.0237393320331
L01_72,-26.4645427746061,9.27763492861922
L01_73,-20.1665281656899,5.01073227513769
L01_77,-25.6397004367568,5.67920453606525
L01_78,-25.6832793095775,6.21781706845157
L01_8,-26.4703251628686,9.59055693855565
L01_80,-19.2715351338393,-26.5815332298822
L01_81,-20.317757838937,3.06354789375139
L01_82,-24.3652013035673,4.48611020885127
L01_85,-25.798874318373,5.1700702224423
L01_86,-8.04333352348735,4.79415762790523
L01_88,-21.8026310527956,-10.3003586191113
L01_89,-24.4748272623214,-0.52637196561686
L01_9,-24.4547456942057,2.98406825519607
L01_90,-20.5587474955011,-9.56536045806812
L01_93,-24.9099961258746,7.3476695667098
L01_94,-22.6797339246281,-12.5851443538111
L01_96,-23.4557835246582,5.0055875424957
L02_10,-26.3636697152117,7.70437578874515
L02_15,-22.2008305039261,-17.7835524868616
L02_16,-24.9924239563033,10.3552161657956
L02_17,-26.2157547009679,1.8258719751026
L02_2,-26.6644761206123,8.47517374511007
L02_24,-24.7403155097758,8.01363170065733
L02_25,-27.0716829652253,7.5898375102832
L02_26,-26.5392343915696,6.42468620000784
L02_31,10.418173768496,1.22041232728229
L02_32,-25.0845336762778,22.5007231812
L02_33,-21.847975740894,-12.1831157855534
L02_34,-18.4114488356343,-10.9278978021578
L02_39,-26.157542179816,6.05236691275425
L02_40,-21.9404632447322,-9.37121091617851
L02_41,-26.9344990236743,5.69616070444444
L02_42,-17.0492840301095,-66.3300472968365
L02_47,-26.826458486263,6.11607778441413
L02_48,-25.6999319918667,0.707778481120511
L02_49,-20.3054878790773,-50.2931165845086
L02_50,-26.0542305727251,2.52831057066141
L02_55,-27.6019533236398,6.92630873209861
L02_56,-26.1455150333911,5.85670123796977
L02_57,-26.2721087331374,22.9875091082849
L02_58,-24.8027958141075,1.57790220394021
L02_63,-25.0100053225912,4.81193107920016
L02_64,-25.5179575493551,5.80834862681185
L02_71,-22.746542486483,-18.5494213507396
L02_72,-22.7299777221233,-36.1930212580047
L02_74,99.187767104733,1.9981634593434
L02_8,-26.2154485291711,5.93712894049937
L02_80,-26.317166744298,6.52731282233813
L02_82,-27.8064411824153,5.05108207343845
L02_87,-26.0480545477291,22.9226872466742
L02_88,-22.8939247580718,-18.9174593087485
L02_89,-24.3186904512979,2.86133043153936
L02_90,-27.1099486177028,4.19541058203973
L02_95,-24.2610261481867,4.60082320381387
L02_96,-23.4050819523215,6.77648732525639
L03_1,-19.4135591078029,8.50744177067221
L03_10,11.5700949760215,1.88347829772465
L03_11,48.918887294067,-36.0285128715477
L03_12,7.7788267931402,-14.9555933871413
L03_13,24.4408261762563,6.50758477549428
L03_14,-13.279761827652,-13.6749045767515
L03_15,65.4573026614431,-37.6384574709769
L03_17,-23.0509247087608,3.77351919522806
L03_18,-22.5633219176219,5.07161099913518
L03_19,1.99848491009341,-15.819520392335
L03_2,-12.3784358971815,8.20031679999344
L03_20,-23.7726001313272,4.05094630599716
L03_21,-15.5868667661721,3.6681999762728
L03_22,-18.0045698462326,-11.2756987565942
L03_23,-20.6530475241977,4.5529021320605
L03_24,14.8851056784111,-55.4691883474453
L03_25,-14.4453300044495,-49.7430686462215
L03_26,-18.9415440617799,7.03081134711978
L03_27,-21.6053617699711,7.89109098288493
L03_28,-17.3764027697258,-0.325592559648787
L03_29,-10.120535053621,2.65997390525405
L03_3,12.8144677454612,3.25155406446489
L03_30,2.18597821126152,5.59965609990034
L03_32,55.8974989744981,10.3224902854787
L03_33,-17.7729731695313,3.91307086402206
L03_34,-21.0270847192154,-17.9007238278928
L03_35,-23.2844309611997,4.68055063812102
L03_36,15.9835326594986,3.3780443018365
L03_37,-14.4263124334454,7.2995530866348
L03_38,12.1992631715939,7.1124970006178
L03_39,2.82304520356977,4.05496973047074
L03_4,-6.71851617277816,-12.7474630031498
L03_40,91.5653336153981,-3.12168246378742
L03_41,-2.01988238791329,-15.9501456154258
L03_42,-13.4249733198402,3.70766986798586
L03_43,-14.0460166137736,5.61701771175031
L03_44,5.15582099349109,4.51309775829842
L03_45,-5.80023919445929,4.88851352740812
L03_46,-7.15794344659903,-11.470805002996
L03_47,-3.50235355233983,7.8665768658823
L03_48,-7.31933255317216,10.8583266097682
L03_49,-22.6145431443494,-1.67819225738761
L03_5,15.7124664234652,1.61221762502677
L03_50,-6.15584121511169,-0.570134946988817
L03_51,-8.27583092663799,-47.4899394686237
L03_52,-7.11703402574331,3.27996980071676
L03_53,23.7288386404984,-11.9456165413132
L03_54,49.6517778988497,-6.85112525266528
L03_55,78.9944541768344,10.2016810202572
L03_56,-22.2219673988029,9.67869760104417
L03_57,-25.0437476522317,4.32385949191746
L03_58,-18.5984684507283,-2.24558177408141
L03_6,-16.9910502854045,6.14370539811659
L03_60,-17.596638085242,2.92409679775846
L03_61,-12.5546574333609,-12.901267622941
L03_62,-23.5229699184203,1.3600622272916
L03_63,22.0896556823755,9.59138369886834
L03_65,-14.537051340727,-1.4129769421072
L03_67,-7.04163960181563,6.23001786638899
L03_68,-0.372956355231853,-17.1587790043306
L03_69,49.2619438566582,6.4888785365134
L03_7,28.2634133237643,20.2938937084947
L03_70,-9.1558227977506,6.78977771275025
L03_71,-13.6879591323904,2.5836067123843
L03_73,-5.69610413212766,-14.4605662842114
L03_74,-22.1652672282641,16.3002709294134
L03_76,-24.4519094404338,20.6757223072795
L03_77,-12.6405443237535,12.298539353091
L03_78,-11.6423071978273,8.4664312756419
L03_79,-23.3622177899431,5.76769578086848
L03_8,-10.419982432791,-12.991938325508
L03_80,-11.1560987194659,3.70307826733908
L03_81,-20.0822965844367,-16.8301853106728
L03_82,-19.0591264277547,11.779037515127
L03_83,-20.9541093686121,3.24994724743534
L03_84,-22.7140014983098,8.32332623778114
L03_85,6.21708868458099,-12.394184168853
L03_87,-6.10839688968612,-15.5996798496256
L03_88,23.144245599565,-18.8181416908023
L03_89,-22.3335193120754,4.56479067651789
L03_9,-21.0641898348264,3.64119517552126
L03_90,-14.0840023732688,11.1419050728229
L03_91,-12.8214076088097,-16.2315673571268
L03_92,-7.20966724567205,7.64900792495415
L03_93,-21.1241461686426,7.35011201679419
L03_94,-16.3280345557403,-1.79685272747824
L03_96,53.310782060659,5.13926574349099
L04_1,-25.2023890229071,-0.896610181728092
L04_10,-19.9976250352313,-49.3747235857833
L04_11,-23.282742314268,-36.3657944643211
L04_12,-24.325957125657,8.59543119058596
L04_13,-23.0479158888927,2.09415515672892
L04_14,-17.5320764601357,-10.5587847980525
L04_15,29.0212745185292,6.43223883052079
L04_16,-13.3008831135847,9.45958288038626
L04_17,-14.2352790319343,-8.28414343707619
L04_18,-26.3436107810056,6.60437922994057
L04_19,-23.9995912976296,5.75861132324399
L04_2,-20.0986887482719,8.60647706139438
L04_20,-24.8722814084309,3.66470897835502
L04_21,-25.3872406530796,4.87281725006432
L04_22,-13.3697832094283,-15.48551126108
L04_23,-20.2116813784256,-14.4518950008843
L04_24,-11.3432484791454,4.01604991992489
L04_25,-26.1228848740148,3.87656863073943
L04_26,-26.2200673796686,-1.08657590367657
L04_27,-25.6527553040427,8.13005032303866
L04_28,-23.4351937763953,3.05887037972839
L04_29,-24.8141097011418,7.28985945663646
L04_3,-22.5189591045272,4.71829637577482
L04_30,-26.01764686841,5.98907816714235
L04_32,34.9500520277829,-35.7240687268199
L04_33,-25.0585568148647,6.1417290187674
L04_34,-25.2110282071066,8.06509790180042
L04_35,-24.3558726162678,6.40511907102215
L04_36,-25.5404042768474,6.42252092404492
L04_37,-25.793256218457,5.78618455056434
L04_38,-20.2594989348189,-1.89236995877375
L04_39,-23.2765749797854,-0.793346909929613
L04_4,-20.3196509064707,-9.02720926362881
L04_41,-22.2882161567195,3.5729102783665
L04_42,-22.2936180208066,2.40656838328694
L04_43,-23.2992261480527,-9.64826331368702
L04_44,-20.9306347497068,-9.41361660521965
L04_45,-23.2832950639134,7.68502318668857
L04_46,-13.4780694727025,-66.0080937443767
L04_47,-20.9090382718643,10.1838801411803
L04_48,-24.0451311786976,13.8344089256052
L04_49,-22.2368956017155,1.58226027375818
L04_5,-24.5008655018652,3.62585631498566
L04_50,-22.4136697744193,-4.91315585070697
L04_51,-24.6677882889996,-1.65332609608943
L04_52,-26.11271445251,12.6266271407768
L04_53,-26.5128082820135,15.4739128959477
L04_54,16.5266015326783,10.7548278624239
L04_55,17.687469201662,8.1013484035202
L04_56,-26.5858646167711,16.4305333587634
L04_57,-23.8911462172205,4.4324728335335
L04_58,-20.7267192993316,-8.40887027006578
L04_59,-24.4714222023164,6.51608041342063
L04_6,-24.8589619364877,5.32684161011402
L04_61,-22.6922488447774,3.27193380502505
L04_62,-25.3846672927985,-0.221581330635933
L04_63,26.0884719823719,7.81847292132047
L04_64,-23.7913010297271,6.71061085370574
L04_65,-26.4207734729909,6.49330380026819
L04_66,-15.1141114104259,-17.3541181853401
L04_67,-20.5441668683638,-15.0238125240664
L04_68,-21.5740767175458,-16.3428381963264
L04_69,-19.268797209595,5.36692710251249
L04_7,-0.47816437960694,2.96393858659085
L04_70,-25.1045595698093,5.49408305553623
L04_71,-26.1044431044526,11.0838862296509
L04_72,-12.4018417749574,-32.5422271471416
L04_73,-25.9373246342461,3.74527379599225
L04_74,-25.1136662837822,5.05910252821495
L04_75,-24.969470618971,2.17631318378874
L04_76,-25.8037214111217,3.78575000621982
L04_77,-25.1892663989726,5.47064077908264
L04_78,-14.4217367649325,3.16229183343835
L04_79,-18.2285391676892,17.8223126991534
L04_8,-19.1443551857256,2.46354975721963
L04_80,-4.89199491900647,11.6696305186247
L04_81,-25.8255784336241,7.89299513071926
L04_82,-26.0285801602576,2.79961323983522
L04_83,-21.4011414692229,17.791134475436
L04_84,-26.3787780657478,5.88294843860932
L04_85,-22.357037813902,1.08693884745594
L04_86,56.8298805389798,2.95062791971405
L04_87,-18.5928065177227,-17.9739033274352
L04_88,20.7369646991101,9.36403613613863
L04_9,-25.8516133368839,2.51313688145389
L04_90,-20.227967605679,-14.3715464564741
L04_91,-24.0263482699866,4.77704655122968
L04_92,-26.7049644591613,1.42202147042012
L04_93,-19.9158142328068,13.3904465550797
L04_94,-26.9654067901108,10.5189276948345
L04_96,2.74669529629244,8.3657924699718
L05_1,-21.9835108686717,-15.0586823397551
L05_11,-25.6154986350306,3.04221503964655
L05_12,-26.3156955375926,3.07857873580132
L05_13,-25.8627590197596,8.35996847361494
L05_15,-11.1644467585748,10.4673259815168
L05_16,-20.2569068661729,-1.51937120627556
L05_17,-25.9741096977616,7.56023629421415
L05_18,-26.4604579123065,3.45460842764141
L05_19,-25.9043818300624,9.13326694198099
L05_2,-25.5440006073795,22.9367280452102
L05_20,-24.0181041111601,18.2108618508749
L05_21,-23.1747345034108,-17.9191697348118
L05_23,-27.0195655946619,10.9579102491921
L05_24,-19.2041248761447,9.64709219538354
L05_25,-26.4629668401296,8.69146660726451
L05_26,-21.9778566424127,-16.2064989381043
L05_27,-26.3997512301081,4.81530501196316
L05_28,-25.6418237745187,11.3533353712128
L05_29,-26.043679911419,5.76641300770173
L05_3,-24.7573416337687,0.930175545099188
L05_30,-26.1381052491638,14.1156366828527
L05_31,81.4044353685529,-0.17338920790465
L05_32,20.3678518820353,6.30098097998403
L05_33,-24.5437931842246,8.94706041169951
L05_34,-26.1350638237528,6.53260504272955
L05_35,-25.7322188960795,21.5739339089564
L05_36,-26.2356665912209,7.98927546471741
L05_37,-25.3437637707299,8.82501205077284
L05_38,-22.1097273060377,-49.3494570812547
L05_39,-23.0198262821266,21.8999064125868
L05_4,-6.33363140097764,7.14125117244493
L05_40,-9.14621320717351,5.32558479681572
L05_42,-23.1954090329733,-16.8537853892641
L05_43,-25.766994837421,3.44901735671682
L05_44,-23.3540504897928,2.40403979924548
L05_46,-27.1122678160118,12.4029492147338
L05_47,-26.2376597706083,12.7915733170596
L05_48,-23.9829290415618,17.3171203500713
L05_49,-25.8690268037032,10.838892133898
L05_5,-17.0434652202571,-17.1798181747143
L05_50,-27.2455425919762,4.06767775948096
L05_51,-25.7308406960502,-2.75595047714129
L05_52,-24.912952116442,3.29752166815908
L05_53,-21.222712843974,-51.2679969028173
L05_54,-23.6607572026916,11.7071282613155
L05_56,-25.4717119640398,2.5615023898262
L05_57,-25.4261386878572,8.44140778352963
L05_58,-26.7677825579432,7.63466142700566
L05_59,-27.6116296269967,-0.622886112070034
L05_6,-25.7765602019022,-0.314699434868962
L05_60,-27.1575586191869,16.1740035533374
L05_61,-26.0182118436628,11.6995055593078
L05_62,-26.6248492431096,-0.0278765294720895
L05_63,-10.5688781829451,-9.82100008668513
L05_65,-24.143515536795,4.19682762359707
L05_66,-25.3032983832706,-0.0248088550611257
L05_67,-25.0851076351478,1.750276319146
L05_68,-26.9428018005627,6.43922419367754
L05_7,-15.7513605653411,-10.5018909895522
L05_70,-22.6306394217293,-14.9915460743232
L05_71,-22.3251357950334,-17.0282062040531
L05_72,-17.0573370129053,-9.33684860555512
L05_74,-17.7786278832264,-49.8469560341586
L05_76,-26.5237221775779,12.0179278597016
L05_77,-21.7287035074455,-15.3920799024583
L05_79,60.7441709282395,4.50884282531584
L05_8,-20.772476349289,-12.9401364010836
L05_81,-25.2878753436003,6.23461455834053
L05_83,-26.8376880575462,11.4488302474465
L05_84,-27.6001904897028,1.13883368808817
L05_85,-25.325986559888,7.79629668330989
L05_86,66.6821485639953,11.9780162382025
L05_87,-23.7066835534837,0.251034670022476
L05_88,-17.2457234638377,7.28970946935322
L05_89,-20.6372256978295,-14.6139310021483
L05_9,-25.2745159602982,-32.9696095560583
L05_90,-23.6556542381578,3.56222668651479
L05_91,-17.1654121758315,-65.9311924891487
L05_92,-15.8314270913397,-17.5536841471388
L05_93,-27.3026314904727,5.08080031498712
L05_94,-25.1605113394313,4.53676205135649
L05_95,36.8808449276592,15.1749579256781
L05_96,-15.8219338616398,4.18651122223123
L06_1,2.20503321152235,7.51618032297792
L06_10,24.6150943803322,-8.51433877326913
L06_11,25.3399236541344,4.47857032325513
L06_12,8.22431703311012,-16.4174763710089
L06_13,-6.53914265347684,1.507877443711
L06_14,-19.6329443898162,7.41922059400093
L06_15,56.5346633523969,2.06816520568287
L06_16,39.8169102232496,2.44695265019587
L06_17,29.1724630869268,0.0932851814293174
L06_18,-6.17690897500734,8.89046282503558
L06_19,9.43256283697601,4.89642193500681
L06_2,5.35534318887552,15.2700553471064
L06_21,-18.2891950193086,-49.1978718852394
L06_23,-21.5636893918275,2.94352659906817
L06_25,-5.27928021108253,-31.6113161139496
L06_26,-15.592860624278,-15.9506072204803
L06_28,-19.7632203637262,-19.3064595718318
L06_3,38.0340949534193,15.672522072588
L06_30,-26.8855730683371,4.46792266321814
L06_32,40.2960527780995,3.43437400257365
L06_33,5.99625103047306,-58.7822423504487
L06_34,-6.33332629412188,-17.6936304257413
L06_35,3.48311067184595,1.91201797612594
L06_36,5.26117270540104,3.76319379762774
L06_37,-7.56926295450176,-1.59737844923636
L06_38,31.4772075496843,7.69294691378895
L06_39,-13.3004725962952,-48.3193648545694
L06_4,-13.4360463105523,11.854125225571
L06_40,23.2516826899964,-0.762180391541632
L06_41,-0.747772941926534,5.3731674250676
L06_43,-10.2430309306492,2.57595080193015
L06_46,0.399242415476561,-10.1641616252155
L06_47,-16.2052798864292,10.4068337660238
L06_49,-2.17153345724224,-48.959740368152
L06_5,-24.2837489262048,2.27774577961268
L06_50,2.36748020701744,-15.752518590646
L06_51,-11.3343893026053,8.00526813728122
L06_52,-2.46450772887471,-17.1597383773735
L06_53,-7.00414697303178,6.99622064580723
L06_55,55.7223266882118,15.4876475258886
L06_56,-25.1108202085948,1.66748286700023
L06_57,14.7064108704476,12.9701547340067
L06_59,-23.6745794955122,16.9878299680004
L06_6,13.1361804013611,-5.47123585409627
L06_62,-21.025130447962,-16.1457035752223
L06_63,26.7332375924027,-7.05655472339357
L06_64,-19.3642281655296,6.82263562096382
L06_65,17.9841956192987,-15.4058823410737
L06_66,-2.79483376543809,7.50957073038392
L06_68,3.90020525772223,6.39816561411164
L06_69,52.7664188667072,2.34576950226881
L06_7,37.1361245979671,0.815125701284469
L06_70,-25.390528144599,3.45592605707175
L06_71,-12.2808938056419,16.7649977419516
L06_72,9.58897164949218,-6.04121947813271
L06_74,13.4161289861399,-21.1389907635378
L06_75,-19.7775536152121,3.44086680300453
L06_76,-14.1695866318262,9.50902496098164
L06_77,2.77992831389943,0.0682299966079455
L06_78,-20.1644259224352,10.7553121083875
L06_79,-5.03414085247763,8.04434900132067
L06_8,4.52659463308236,-57.7902806264388
L06_80,17.1280379227968,1.63672647409478
L06_81,-8.80019067743712,8.66060360646436
L06_83,21.8804128743741,4.19190330606712
L06_84,-5.56768966570774,-14.4314907070965
L06_85,3.10862559641869,-43.5731360202717
L06_86,72.7708665470456,7.724680349326
L06_87,9.48210541758387,4.63983649986259
L06_88,7.46928222693913,15.3151373495522
L06_89,-13.8986646743827,5.45063983120941
L06_9,-6.11378672231719,2.15447309461132
L06_90,11.3311478802421,10.8644964024431
L06_91,-9.78941621764981,11.2172309625974
L06_92,-12.761425612246,-12.1198337320043
L06_93,32.1096036395545,-6.96720020323519
L06_94,-17.7643065582697,-12.4910747513426
L06_95,68.8302014625905,8.15356907006555
L06_96,46.5892360442326,-44.3644515403041
L07_1,-18.9605172364646,21.2959409390695
L07_10,40.7979544455506,-43.7270752942279
L07_11,28.3025119555142,15.8687056956003
L07_12,27.3526406597288,4.83685986230831
L07_13,9.82545900838796,0.528441219479335
L07_14,50.2763318382154,-8.4486462741248
L07_16,83.1963842390722,8.31663208316746
L07_17,42.0529218952769,10.8419640302437
L07_18,0.786985234316683,-1.70754954419191
L07_19,66.5690402243406,7.69870076009462
L07_2,5.13732877911007,4.50056479980797
L07_20,65.6017513477078,11.6443334147755
L07_21,7.00136395938415,7.80239749129336
L07_22,92.1009377278679,6.17653801363665
L07_23,-15.153975683246,11.506276913137
L07_25,17.2957407640029,14.3166693913613
L07_26,12.0734716105363,6.89176350555315
L07_27,35.6400861411181,-13.0666045416146
L07_28,-24.0957870397965,3.32860697225972
L07_29,29.8639404436502,3.24100248764998
L07_3,12.0151131058883,-55.3054080700804
L07_30,18.5281075546841,2.69092375056934
L07_33,2.25232753456692,-11.9765539994931
L07_34,-18.8285705643779,0.0888550127862399
L07_35,12.2794341762422,7.82963704796166
L07_37,22.890908654656,-9.08880020101452
L07_38,54.0696723400839,5.05453451545751
L07_39,39.8660474560727,10.7184882557955
L07_40,52.0976505604568,5.38550159832261
L07_41,14.5841846461984,-11.9872210048292
L07_42,-3.68506387530656,-45.3393235421733
L07_43,-14.747499785456,5.58948334480106
L07_44,-7.37500190450259,15.1849718591019
L07_45,17.9179745670067,-13.7373489544084
L07_46,-9.44862401655277,0.0936546431641212
L07_47,66.3890779001961,13.9810159350994
L07_48,16.3736309060709,9.31085183036204
L07_49,1.46634960777895,-8.92128708165331
L07_5,27.2816357412594,-11.0179104481363
L07_50,9.72697889708642,-8.2521709083179
L07_51,-6.30601985111231,3.3274710043001
L07_52,1.88447528157088,3.65909005470476
L07_53,23.7341056872054,-8.1139959932605
L07_56,-7.25767592805754,21.1952784043985
L07_57,32.8514706015463,6.20947575595123
L07_58,36.7254724637406,1.17518425067023
L07_59,-3.38184476949195,8.54403926741183
L07_6,67.7063086796084,-0.626662872363774
L07_60,-17.6939642946745,12.963072891475
L07_61,22.2686507101641,-12.1081255124015
L07_62,-16.9694229657423,-12.2750008453011
L07_64,14.532816150286,11.6002992836314
L07_65,10.692018460433,6.63159049260875
L07_66,37.855066744911,-12.303510377472
L07_67,51.1874762864978,-4.64184376057925
L07_68,5.01797113134492,7.98070401768889
L07_69,51.1303490120155,-9.03065708987085
L07_7,92.1808424390666,11.0615068303389
L07_70,2.14328686544816,4.07043276989439
L07_71,3.29681014165059,6.6895698569275
L07_72,72.5093587662091,5.11203998851568
L07_74,39.0144829277548,4.08754337697656
L07_75,-13.2572393249029,12.4723200564892
L07_76,-3.86931194056549,3.61492992194141
L07_77,8.27712010405634,10.3128716187403
L07_78,53.9407025747813,10.5823912626952
L07_79,53.6505264981905,12.3886684278618
L07_8,33.4703409583882,4.70150336726438
L07_81,13.5386985402785,15.332151902398
L07_82,14.6288139059889,3.79303245689187
L07_83,37.6982085032775,-23.6526007245044
L07_84,-3.43922168846823,3.06629522373036
L07_85,25.6473285065029,5.73166773654565
L07_87,59.8808828175332,15.4760300388529
L07_89,43.4247331404148,-7.46316887802289
L07_9,-20.1466974782586,11.9329938429452
L07_90,63.6268438846911,1.00091489391789
L07_91,14.2881121179552,13.6988328965962
L07_92,3.15877119821529,10.3487075048813
L07_93,74.0892063203045,-7.11695849348343
L07_94,0.379769944440538,-8.37252386672346
L08_10,41.5534873521008,-9.21292736579048
L08_11,26.0200365538368,-24.7001779548351
L08_12,39.654673633473,7.66779079289483
L08_13,63.9327190467426,5.68106469645465
L08_14,67.2396729216818,-16.423362794999
L08_15,93.9665479972273,14.1883020635758
L08_17,41.9080620356906,-6.58968563958413
L08_18,17.2569259437958,-11.4939581728675
L08_19,31.6068403143018,16.4414485550945
L08_2,18.8308288192008,-38.3785637747579
L08_20,70.7619717004826,4.8590501378068
L08_21,39.1463539190382,2.34111859762759
L08_22,76.2533292148492,-15.3450144336926
L08_23,37.4800484176127,1.06223066831928
L08_24,68.6773636471935,0.0141111493151177
L08_25,31.4516326052384,4.09044450571282
L08_26,3.32758060758681,5.18906828207293
L08_27,37.2726758686194,-22.2467776100466
L08_28,-24.1883566068865,10.6293699326418
L08_3,23.4149375486111,2.78237783945988
L08_30,18.0808936790552,2.77349740108963
L08_32,97.6313046226478,10.217057479688
L08_33,22.0623327685523,5.81758499059297
L08_34,-15.0259991647916,8.59432071896038
L08_35,2.490201841862,9.20758335926305
L08_36,-17.196767794652,8.83909680595487
L08_37,-1.03758295848524,-16.5949451963198
L08_38,58.717240980879,-15.5836720407162
L08_39,4.42121497187725,8.42861446392531
L08_4,6.3464771781112,5.95851902455932
L08_40,36.787828772571,13.3749731018865
L08_41,9.44700301027243,9.41602246518526
L08_42,14.2872612659535,9.51338020450488
L08_43,-16.2025086532938,-13.7499184497766
L08_44,-2.47194721907079,-46.4946977788473
L08_45,9.02394440624587,-16.6293992031378
L08_46,9.7096351980347,0.881033787096399
L08_48,-4.1253847083962,-9.57514954038013
L08_49,10.6641399128406,5.7234928743693
L08_5,15.1237007154759,14.3423112186774
L08_50,11.9105976639318,6.6706944611457
L08_51,-17.7387874319508,8.92748923923696
L08_52,2.57911422245686,8.83369480460915
L08_53,14.1073971819288,-16.2293857149938
L08_55,70.9447665693403,15.7217032659441
L08_56,-19.5020632062514,6.99993042544383
L08_57,30.185914794631,0.324448461304412
L08_58,58.8988039945211,-5.69399439793899
L08_59,10.0092295857221,3.81837728058597
L08_6,65.1893451432599,7.12722989667144
L08_60,-10.9951887781256,8.58670786548941
L08_61,21.5546905864037,3.27431544338007
L08_62,-12.3227735636009,1.84125746589508
L08_63,67.3013641149298,8.43924370250605
L08_64,-16.7370770901976,14.3193784626467
L08_65,6.92277443584792,5.19767020898951
L08_66,13.3087609755261,3.09445100098208
L08_67,41.4465807469871,4.24569306736797
L08_68,6.99741513675949,12.101019914415
L08_69,21.1703505577575,-11.7339139529154
L08_7,60.2468922235946,7.24738563831853
L08_70,10.2529130888276,-6.17763591620853
L08_71,1.0006965398365,5.29604348986606
L08_72,2.77713704506461,13.1687829585183
L08_73,15.1574845640238,3.68853873331942
L08_74,2.09693817502604,7.605689951539
L08_75,-12.9320287656065,17.7353582032034
L08_76,5.44236422345725,-11.8642591166441
L08_77,21.9740606614746,-18.026047887224
L08_78,-16.1198463412583,11.7488005527704
L08_79,-8.09083228959205,12.6000040603242
L08_8,37.2994973131565,6.04255866253059
L08_80,23.855976766009,-19.4663388661546
L08_81,-0.481468248331908,7.62682143267009
L08_82,8.59495492083687,-13.9353770366211
L08_83,15.1554924804631,5.23497940149306
L08_84,-14.4332153429561,19.8740607008193
L08_85,24.8861671171921,3.1958022910528
L08_87,12.5630967072247,3.77317539621878
L08_89,29.4250123421585,-11.1705122911201
L08_9,-11.0603291617222,-12.4775400558513
L08_90,24.0166025921024,-8.16808862203204
L08_91,-2.5392591846272,-4.20058551709772
L08_92,-7.59976770993143,-2.85180651023055
L08_93,34.0738662770347,-0.291680492114194
L08_94,-22.2792507336926,21.8046219200603
L08_96,83.4027789013,9.73539296713091
L09_1,-17.1884788456797,-16.9716880380806
L09_10,-16.4357834550334,6.05376762048848
L09_11,-9.03012997381408,5.20424902255454
L09_12,-17.2754973119284,3.88031138525184
L09_13,-21.5276051806176,8.31562795376854
L09_14,2.12599244954897,4.92536726226085
L09_15,114.590164755553,9.40813259199983
L09_16,87.786561798512,10.7548599993487
L09_17,16.4365703262819,-7.46339131835777
L09_18,-17.6323093822767,16.518330042939
L09_19,-11.7637940934295,-64.977153778664
L09_2,7.9793550771221,4.7016060923932
L09_20,5.16183294360897,-9.36427712034229
L09_21,-13.076587488151,6.3756991361344
L09_22,-6.87322321248844,5.79586580260885
L09_23,-13.559044804481,6.87699680191659
L09_24,70.9188074360047,10.9540590558757
L09_25,-20.7703546872926,2.67591821155102
L09_26,-19.8345055468453,3.40181418460794
L09_27,-13.3886615692627,7.20653614177464
L09_28,-26.5389476023626,16.0469569326921
L09_29,-11.6642338805016,6.80832829527659
L09_3,-9.83794801583753,3.98292490060425
L09_30,0.976650168193755,4.71303476762192
L09_33,-4.13284344687518,-46.9743880727629
L09_34,-19.477652882525,-17.3024997348588
L09_35,-10.6226105176498,-9.8324711731016
L09_36,-19.1349327468293,9.34624301595084
L09_37,-5.64558023904977,-11.5717310331597
L09_38,13.7632600336869,-7.99295348104661
L09_39,33.0056853295943,-3.18938184075977
L09_4,-22.4473056280327,5.2961222712992
L09_40,107.494836263317,-1.44808058149752
L09_41,0.673150852654184,-13.2141283190112
L09_42,-6.60434889518643,-11.7105143422818
L09_43,-23.8580997725365,10.0410269745265
L09_44,-20.0478933965093,-50.8089491167814
L09_45,-8.69471824717616,2.10387106337675
L09_46,11.1255603684408,4.68507695358185
L09_47,59.847231688667,8.1499024545678
L09_48,-10.5006501099548,7.53885619042002
L09_49,-18.1542482489338,6.85228106338326
L09_5,-21.5152338264079,-0.0435287884324918
L09_50,-8.89180255689742,8.58598907470818
L09_51,-20.344169400561,4.79677842089866
L09_52,-17.8495165213533,7.72685894696637
L09_53,-20.9263539273727,5.05967697086094
L09_56,-15.8903688995625,8.65035133746858
L09_57,-6.04519754617178,-12.4652999967017
L09_58,9.64026099719161,-12.5108439909842
L09_59,-19.7667517603577,3.06841226576852
L09_6,8.00301468977371,11.9338007809616
L09_61,-5.36275190766706,10.4136907372269
L09_62,-20.5711294382086,-10.2722938543696
L09_64,-20.4418944962885,7.19076297137234
L09_65,-15.5046983389874,4.19289721863835
L09_66,-14.7954187103925,6.46686236498811
L09_67,12.2801788582352,2.04552090647563
L09_68,-12.0969839595586,4.45559824204227
L09_7,85.3338319197365,1.13258831592326
L09_70,-13.6976368762402,3.57371863929942
L09_71,-13.3086746878515,3.27610489311745
L09_72,25.7866354186406,-6.63323420323854
L09_73,-12.6377563404926,-17.930706265557
L09_74,-7.03006713292675,-0.757081727940476
L09_75,-23.0637876647158,5.34931068690687
L09_76,-22.0340081575733,4.33952166452871
L09_77,-9.88322416128559,8.65951751730469
L09_78,23.3057970501178,-5.32615487282477
L09_79,9.59460176426928,7.12017275486046
L09_8,45.496475306284,-3.45322116414043
L09_80,72.7881180730885,10.7916921191995
L09_81,-16.8103774746802,-12.3817939525971
L09_82,-23.7407785143525,5.1074627021712
L09_84,-23.5242359434294,7.6063438395884
L09_85,-7.35539744385465,5.79957195872122
L09_87,-3.79194597597519,-4.98181335058328
L09_88,43.2598690082725,10.9492336754305
L09_89,-21.3417419265721,11.4289417934267
L09_9,-23.866898521058,21.6234180069274
L09_90,-12.080837019472,-32.9204345700898
L09_91,-21.5865819994526,-10.6938599132439
L09_92,-21.4784449428973,2.51490587093335
L09_93,-1.44601387870702,6.79222366670442
L09_94,-22.2974402754886,3.75171484762671
L09_96,57.9873668286904,-3.19524093006717
L10_1,-15.3460442978923,16.030821211221
L10_10,-11.7569368269446,6.79352309248848
L10_11,-8.70254748356603,5.6682782768115
L10_12,-4.34920613168785,-44.2551394465938
L10_13,-14.8853767482687,3.50964895311697
L10_14,23.383612325534,10.6138803103071
L10_16,90.238822320151,-0.25986178744488
L10_17,-4.75449969508294,-14.0202723712423
L10_18,-19.8624802054182,5.54538332086166
L10_19,-17.1752310000272,8.0836785898732
L10_2,-20.8651802812884,8.76750361486331
L10_20,-9.57651980954696,2.0452811003167
L10_22,2.52058215189476,4.52023666284028
L10_23,-19.3363569830261,6.24611872745456
L10_24,48.5208973730678,9.36383618878126
L10_25,-23.8483847980385,5.73646388880591
L10_26,-18.7106336847688,5.29700316852992
L10_27,-18.4368176790574,5.77416412597063
L10_28,-25.7042880488186,4.72651538781538
L10_29,-19.0192850795285,0.310134389281975
L10_3,-14.2353001210817,-17.5272086863217
L10_30,-10.3163988453049,-32.1418757706145
L10_32,90.3382603833972,11.8503301629313
L10_33,-12.2196437857365,6.05648497870959
L10_34,-24.8603005646781,6.03594835049952
L10_35,-19.7683832319941,7.92625063255052
L10_36,-25.2019053279702,9.02695735676248
L10_37,-22.4631011605756,-18.915437093811
L10_38,-13.0574884198802,5.57902319325296
L10_39,-6.2365630478084,5.62883650859748
L10_4,-23.1787398458934,0.799828876866606
L10_40,97.8750568670193,9.41498472262045
L10_41,-11.92016303685,5.09846229775569
L10_42,-22.4721852678321,4.61817367412745
L10_43,-25.891269735748,4.11655429554244
L10_44,-24.2704336730519,3.17065914401299
L10_45,-21.6405488605617,-11.110562503921
L10_46,-17.1129094617503,5.3339522776507
L10_47,19.7173429931901,8.5275375767189
L10_48,-12.331731746103,-13.0903968193069
L10_49,-22.2146974050444,12.8107266345605
L10_5,-26.1433922607658,-3.32362992382162
L10_50,-16.7373257719601,-17.5665180325807
L10_51,-23.8329671478552,7.16837284806816
L10_52,-25.9525040493478,4.83276944529048
L10_53,-23.4997419234539,-11.0622681056589
L10_54,48.0006182768874,-4.72576423089953
L10_55,94.7670099985868,9.50622366749567
L10_56,-20.6303665379573,-13.3099967292352
L10_57,-17.6631729552086,6.1093020996544
L10_58,-2.82127350394106,-59.8715183903498
L10_59,-21.7535885301509,-12.8160499251657
L10_6,-12.314138974705,4.00822536292311
L10_60,-24.5846231470001,6.09357636066778
L10_61,-18.4691200584328,5.12874144405167
L10_62,-24.5962790799073,1.20789017412226
L10_63,81.4663403473179,11.1481798884212
L10_64,-19.3027349434326,-16.594675741119
L10_65,-24.258472442126,3.67675761411112
L10_66,-12.6992779083319,-15.5947236601499
L10_67,-10.2617733279168,6.40096087811854
L10_68,-25.5452353616033,6.27134859751749
L10_69,-1.93518899800496,4.15165938726982
L10_7,38.3689086852674,-10.4924481352132
L10_70,-12.979405099035,2.50400027714272
L10_71,-17.1677350564357,-12.2125697883487
L10_72,-1.21624645346952,5.1531667955117
L10_73,-8.41484032472587,8.30404206244112
L10_74,91.5181854469244,8.05846455901307
L10_75,-21.0107522925736,-14.8571229368644
L10_76,-24.4797630699459,-35.4094777286695
L10_77,-24.0818344605398,5.62013292953267
L10_78,6.30055509118951,7.98548967889082
L10_79,1.36232304363069,7.69629272816746
L10_8,28.9073315988367,8.2744392537159
L10_80,53.4077719185415,6.5807369766035
L10_81,-24.5863280001536,6.5154975180457
L10_82,-24.6440114195599,2.68190336521502
L10_83,-18.6181293997678,6.32777316114773
L10_84,-25.1053811886123,4.35893608652203
L10_87,-6.97338839662325,-8.15632485729393
L10_88,25.3462713431788,6.73695397729877
L10_89,-20.4442864109559,-11.7584207422219
L10_9,-25.247938666557,3.75943245479138
L10_90,-14.6499041923505,-16.0095526365265
L10_91,-25.2069941801519,-2.70042436327328
L10_92,-26.0235834928588,4.43455797678577
L10_93,-18.4097756520707,3.05519629860341
L10_94,-25.2047938654193,6.43524980641762
L10_96,73.9119153447767,-2.91762784719982
L11_1,-10.539885241794,14.5367356204604
L11_10,8.85978981488405,4.1185542312963
L11_11,12.7062516479822,4.28568189935249
L11_12,7.83570303716229,1.35276540850767
L11_13,8.96321612467654,7.64648392347024
L11_14,31.9888012133176,6.04255985798209
L11_15,60.4600141292522,9.22304177543197
L11_16,87.419664778875,3.48821901077008
L11_17,25.877377335339,4.96430352339824
L11_18,-19.0748809588712,-18.247737383793
L11_19,-15.0567322511575,5.65678021928135
L11_2,9.65582221502955,-15.2830668745134
L11_20,7.87582875591844,-11.0344465893116
L11_21,-23.8754565201952,6.57316875105638
L11_22,27.4752724139379,4.91687792233157
L11_23,-13.2534313231011,7.87138955771135
L11_24,40.626462117183,6.58505140603249
L11_25,10.2643038582841,8.04415138568068
L11_26,-17.4395846273735,2.42623093946261
L11_27,9.07723593291764,-13.6217472233332
L11_28,-22.9848945210516,6.58536321147592
L11_29,26.3938873006111,5.81855290182506
L11_3,19.9855003105347,-9.16808098709288
L11_30,7.25111296401118,7.44645334307503
L11_32,68.6292837906499,-15.9696162070634
L11_33,7.45659366910902,-9.90300452987964
L11_34,-14.7631351675608,3.93530747701993
L11_35,-8.00376728549892,7.87991127812915
L11_36,-10.4347938228994,4.93598076396372
L11_37,-20.7863214309663,5.94878508050334
L11_38,-11.2393404194981,20.8019569148599
L11_39,0.118170576514355,-11.8369206481064
L11_4,-17.6610743217303,8.65112370374957
L11_40,32.6717295984777,7.03490464921826
L11_41,4.55653601411044,-8.69248963452678
L11_42,-0.226874719678507,-9.38726071624416
L11_43,-18.0559816021287,5.67630180311213
L11_44,-12.6764065887897,-9.63057411656504
L11_45,-11.6141712203756,15.2734089038556
L11_46,4.22718889743354,8.76085701169196
L11_47,25.2077092286008,3.5560891191621
L11_48,-1.83843456558759,11.4485446537837
L11_49,5.62296855490323,-12.5328966726675
L11_5,-8.9367784794642,5.4614415770234
L11_50,-5.74194526834583,3.60040535221138
L11_51,-13.9637106049661,-17.9387999914991
L11_52,-19.3245917990995,5.64404473367779
L11_53,-6.73736076824747,4.12712052785341
L11_55,88.5004910853602,9.04392106841884
L11_56,-19.6982018472207,-9.30564674172623
L11_57,6.08344462776902,5.4058204536091
L11_58,-12.7211068671628,5.61290586848471
L11_59,-2.73013136770716,9.24058275263052
L11_6,2.32845929178059,6.79708030832065
L11_60,-14.0608895383995,-12.8493506745404
L11_61,-7.72713798416238,22.035056558333
L11_62,-18.1260483552798,-12.3021477001843
L11_63,22.4667160070541,9.42698864756057
L11_64,-25.2007298424475,3.98263097616474
L11_65,-24.7796545582284,6.89944429436367
L11_66,-22.2836325117039,4.16613847387824
L11_67,-7.83071648965477,2.47403330593842
L11_68,-8.61240312787637,-4.23560165666387
L11_69,26.7692927717066,-8.71891299992502
L11_7,50.061677116495,9.28612587646404
L11_70,-17.0637334038375,-13.0618269792547
L11_71,-11.4791767348834,7.46319950505781
L11_72,-3.44064820294944,8.1682323706122
L11_73,-6.76756877449531,-13.0391405497075
L11_74,-3.69120174841698,13.6698085764929
L11_76,-10.351980516963,-6.16376783817301
L11_77,-10.5173622004145,-7.2405949313462
L11_78,-0.364987167268288,8.87747294826824
L11_79,-0.0885175574317379,-13.118965744265
L11_8,14.5939302284396,5.01352772109654
L11_80,51.9154016554706,9.50340269572922
L11_81,-21.8366052957673,13.4800472532887
L11_82,-13.6868018099787,4.59009721437536
L11_83,-25.3050094526962,0.990872393469072
L11_85,-17.7410398197436,7.21883238838554
L11_87,-18.8191649977898,6.1764075077618
L11_88,6.23919961905718,10.1091358243258
L11_89,-17.2180178745257,1.50960975079662
L11_9,-23.5965956195652,9.63073711291456
L11_90,-16.5123193458677,-11.219645668742
L11_91,-20.6374065078456,21.8547687350569
L11_92,-14.5670751349294,4.64953690845597
L11_93,-2.9329552901383,3.33972357288541
L11_94,-22.4439057730118,6.61443306138142
L11_95,92.4909822700422,10.7465245609736
L11_96,29.9054842276525,7.77866237448245
L12_1,-14.219225230231,-50.2657831950866
L12_10,-9.16898803539879,-32.3247928535435
L12_11,-16.4198412398984,6.07820435653961
L12_12,-15.1551764768845,-7.02809314347237
L12_13,-8.6565068366252,2.92645846017019
L12_14,24.2535373232222,-6.07523848528894
L12_16,53.4822664278613,7.00282714462132
L12_17,-13.7831157646438,1.3962799034669
L12_18,-9.45099846788157,-15.5651276218407
L12_19,-16.286618196594,6.00185782089896
L12_2,-21.5986085027881,-11.3279608461232
L12_20,4.09506151686017,6.71761555889543
L12_21,-21.5796298607619,0.0420052189429011
L12_22,16.4695236421984,5.55395497783889
L12_23,-6.78350805597259,-12.3330717147628
L12_24,25.0050188090583,4.36064994201755
L12_25,-10.5871201815838,5.15918239825546
L12_26,-17.7727457412124,7.33564340446274
L12_27,-19.426342715446,7.2433612851452
L12_28,-25.6740855060009,6.3485081422196
L12_29,10.7069850219685,-12.7270522230468
L12_3,-9.89192921745398,-18.5752842764766
L12_30,4.16694696115579,-14.6638512075057
L12_32,63.4959649302506,-2.48948220607605
L12_33,-3.81551920289515,-61.3917891885944
L12_34,-23.2519306165921,4.29600918029436
L12_35,-2.89116824843461,4.51090969339472
L12_36,1.36413444594607,7.26339051861358
L12_37,-19.2556281873096,6.33419318404868
L12_38,11.8647202096502,4.55450667999265
L12_4,-16.7572107885612,8.18125578569699
L12_40,28.2801662844487,-9.00740896530568
L12_41,-14.5590671744994,7.18414898182462
L12_42,-18.2651126445075,-12.8732406795643
L12_43,-24.6589809809885,5.26286827046545
L12_44,-15.4159985603387,-8.36677642044778
L12_45,-7.41222934441761,-11.661248034732
L12_46,-10.6630106026433,5.91619205110656
L12_47,-3.7705288806581,5.74116454156176
L12_48,-12.366391498236,7.41741812045422
L12_49,-13.1913848514897,4.50930032227238
L12_5,-21.6984131322116,4.86834423495536
L12_50,-6.10654588208737,-1.24011197194656
L12_51,-21.8676267674618,2.997615105818
L12_52,-21.1186243953094,5.73206602944788
L12_53,-19.2490100738103,5.81798926601392
L12_54,98.8859218179037,10.1486112894176
L12_55,57.2214572865653,1.44231554348274
L12_56,-20.4486139865106,3.21409660256333
L12_58,7.82140104816267,-13.152055433895
L12_59,-15.8923527675125,-12.7505663771488
L12_6,-4.2011584198167,12.8090570358155
L12_60,-25.8491392373903,2.05361905850999
L12_61,-9.51779752531225,2.14520252579246
L12_62,-19.2345748036543,-35.8190427789591
L12_63,57.9564455809667,9.79242534562463
L12_64,-21.4522715455459,5.89195002121567
L12_65,-18.523228673537,4.27646828893494
L12_66,-18.1289801005699,10.8449053381061
L12_67,1.31995951696546,21.0955958281288
L12_68,-21.3289613655885,8.40160294279545
L12_69,1.99282256520912,2.20956992813955
L12_7,11.6891297832634,9.85631687352154
L12_70,-12.1734479474731,6.07569943439949
L12_71,-20.1557251382255,-0.422976122115519
L12_72,-13.3431958687113,4.84348567646204
L12_73,-16.3501655087461,3.68675574909418
L12_74,-14.4636401413017,-14.824539064938
L12_75,-26.3099280617347,4.20559140054942
L12_76,-14.4344381368797,-16.8997258637338
L12_77,-21.4196544541391,13.3398569510294
L12_78,-13.3030647381137,4.4222633642753
L12_79,-16.352003978261,7.74247332304021
L12_8,9.66563434604547,-7.10843602413306
L12_80,9.99835785672721,8.92402338733121
L12_81,-16.7548190004006,-13.865293274474
L12_82,-22.4875393356975,8.558283461828
L12_83,-5.91099700441148,-11.2653565075179
L12_84,-24.3229048213306,10.754917864012
L12_87,-15.5454153103901,6.71332010773076
L12_88,18.3330308887936,4.48171214596021
L12_89,-1.98765414744358,-25.4133842428491
L12_9,-22.9287075712787,12.1429906541905
L12_90,3.3774065744304,-7.43597741944156
L12_91,-17.1126737279178,12.1050839023314
L12_92,-18.5541504561968,9.56102579522931
L12_93,-5.15054134402823,4.96781851365481
L12_94,-21.6118033884301,2.90905071217704
L13_1,-16.6449056285906,6.00841418745176
L13_10,-9.84069468881947,-15.4437952304045
L13_11,-6.07403633564113,8.04223176624007
L13_12,8.53613124402649,-2.73970753661259
L13_13,0.796880187820613,0.657198783133575
L13_14,41.5932280587237,-33.7360701515802
L13_15,78.7859177677398,17.8813994264684
L13_16,64.781061759144,10.7060696164015
L13_17,10.9741455066996,3.60019269305007
L13_18,-13.3559328592321,2.97230952459049
L13_19,-11.8348763184982,-15.0758697680645
L13_2,-19.0876827329946,6.73374886952242
L13_20,-12.1780368261887,7.14923835521003
L13_21,-14.9762595849463,4.73470859436836
L13_22,4.97694065546837,2.11404269053435
L13_23,-18.1844044751502,11.2148948375826
L13_24,38.4786686013718,15.1937695011464
L13_25,-18.1259552165334,7.72961543058398
L13_26,-18.7290392253189,-9.44669278767017
L13_27,-15.0978194026409,5.93007309763082
L13_28,-24.7081161633383,2.95330968017714
L13_29,-5.87997882195449,3.67279424120676
L13_3,-15.4644448394308,6.46028854620315
L13_30,-10.2806160762681,7.6446118261232
L13_32,78.5640278215591,8.28089793400754
L13_33,-6.56461127634508,-16.3274814127445
L13_34,-25.4452665799372,-4.13480212422649
L13_35,-24.7027628469492,12.3587139109499
L13_36,-23.4260938047363,8.74681517038461
L13_37,-21.5792838280844,7.46597098254437
L13_38,-4.1072163874744,7.17272361895226
L13_39,-3.44897220555625,6.7602210726741
L13_4,-21.2408633505885,4.45059011849677
L13_40,37.4484921547877,7.1090634449933
L13_41,-10.8318953718757,5.17425425797792
L13_42,-14.2785669474786,3.17034282458596
L13_43,-21.4169066959653,-2.14749921168242
L13_44,-13.3028869458246,-62.6692974919084
L13_45,-10.1258925179534,-12.7849944176708
L13_46,-19.9980500833126,9.24558816409243
L13_47,10.2721792040958,8.96832719645013
L13_48,-11.6092178313863,7.73834590382715
L13_49,-20.6602782228088,16.3079997669782
L13_5,-12.8460866812812,-12.7651189353835
L13_50,-8.92113581418855,3.42256731920313
L13_51,-24.1286525746062,12.9126793351154
L13_52,-23.3246127505494,8.40993702270501
L13_53,-7.3380777362475,-15.1209203618395
L13_54,65.8935795796305,-3.45099860621102
L13_55,74.1589924935769,4.19609617298068
L13_56,-14.3145614642745,2.9704566730541
L13_57,-21.5558796435434,4.19298838530029
L13_58,-8.5387691996128,10.5149786892825
L13_59,-15.9779237610095,3.8314646568973
L13_6,-19.2555655588862,0.96659004594803
L13_60,-20.4050009212012,-13.0471663645473
L13_61,-9.75876221319333,8.02147006951551
L13_62,-25.4797074602794,4.36419803418391
L13_63,32.7433002606418,9.82416617767358
L13_64,-15.7204308264265,2.80435602790819
L13_65,-25.6629288172528,7.10224866333328
L13_66,-20.6087118736445,7.95955176643252
L13_67,-11.2046058066354,1.87967948654626
L13_68,-19.8527943129386,6.67549469457251
L13_69,5.84845351400256,-8.01436616280126
L13_7,31.0365129094358,15.8623439457987
L13_70,-10.7231098388524,-13.7532648663077
L13_71,-17.9657332534631,-11.1488949313834
L13_72,14.0711282087435,-12.2746815374136
L13_73,-20.696676550187,4.74233881553828
L13_74,-11.1929757670817,-16.6400798033516
L13_75,-25.0887229654315,8.02029063147873
L13_76,-23.1051321781898,15.5627777435687
L13_77,-23.1643801169385,22.2650318649195
L13_78,-9.53270794056078,6.40261671644056
L13_79,-3.4370467972318,9.71609267076164
L13_8,9.056667591043,-12.9393896383922
L13_80,58.7916971514802,-3.57441537021359
L13_81,-13.6135169437966,11.6531853684269
L13_82,-24.5443935124053,-2.46101077683495
L13_83,-17.7070045328825,6.2562738987153
L13_84,-25.5813287862543,11.1973162419773
L13_85,-8.76970364402531,6.7429393358074
L13_87,-3.27048247680282,-1.87586570080623
L13_88,25.0121719722314,-16.0255168779854
L13_89,-7.8193324918697,3.43554277149134
L13_9,-17.7459714879126,-49.3049803091234
L13_90,-1.31549194169633,6.2433930841002
L13_91,-19.6250994461499,6.5402461796264
L13_92,-19.1589730960014,4.43184818004705
L13_93,-20.7358458958299,7.96727047202048
L13_94,-14.8310070936368,5.86525849816979
L13_96,47.3833401540518,4.74136493905533
L14_1,1.17618832808466,-44.555357591849
L14_11,9.15149891281831,10.5071778357742
L14_12,3.68648442239892,-15.3631271753566
L14_13,13.1279197251436,5.01182549274001
L14_14,22.9673219164324,7.44903916484704
L14_17,15.2920334111611,-8.80472053048876
L14_19,-3.63204811872059,16.0775257916618
L14_2,13.6625410361624,3.32535428482979
L14_20,2.99997183698346,10.9856168057095
L14_21,-3.15824022194546,12.3937283047894
L14_22,28.0758194198268,18.4278779877231
L14_23,8.21512574939134,3.81494968106725
L14_24,91.5500291530615,5.74169674683855
L14_25,-13.2463207699885,7.52612557190259
L14_27,1.04297616246024,1.74397011554494
L14_28,-23.5883093006416,8.37569928815979
L14_29,22.4822842568712,7.65277700928982
L14_3,13.5809176622815,-55.6700636329634
L14_30,19.2194340299269,12.0883423571322
L14_33,-0.548393298177946,-15.0808896602724
L14_35,-8.90761109101022,-11.1868998083556
L14_36,-16.3831529755347,20.3745282655573
L14_37,-11.1121246076148,5.65709699588798
L14_38,35.8119438879416,-37.2073350771865
L14_39,3.18327414034683,-0.145751100258768
L14_4,1.37332865975566,7.86075122116
L14_40,49.2544141120642,-6.61521964289153
L14_41,-1.90676455141084,9.02310864381852
L14_42,-6.46801372389485,3.17533739435332
L14_43,35.5757333771919,0.971538283887115
L14_44,-10.0601192610884,12.0346079842933
L14_45,-15.1494359201598,4.72952657017122
L14_46,11.754309991756,-12.5832722077971
L14_47,30.0900077338,16.1484753674948
L14_48,13.7307675399656,1.57471613481993
L14_49,2.29123116997507,-17.1870976273308
L14_5,8.37728013115816,2.89381594559579
L14_50,-1.23513748036691,15.9349134810792
L14_51,-19.8736716694507,8.14796848966447
L14_52,-21.6935357723075,11.4968855830318
L14_53,-6.25309021049217,7.7635764071554
L14_55,96.6137315160678,1.7626844546865
L14_56,-11.5356990398778,6.98300533592506
L14_57,-3.82723885611686,8.47804468540305
L14_58,30.6672290732102,-18.195026937211
L14_6,46.7817060838237,5.51015456147044
L14_60,-18.9509314442762,22.6053049013811
L14_61,19.1522878912089,-38.8497295475366
L14_62,-15.9380812459394,1.42978975343302
L14_64,-12.3995014677162,5.93482532192368
L14_65,-8.88998875148682,12.8564762095203
L14_67,11.0068308291554,0.728367252414655
L14_68,-4.10677935798743,2.75534173377203
L14_69,44.3557759371346,-5.56263281684039
L14_7,68.3247800353069,-5.55429655380868
L14_70,4.35209879900946,-31.1213016375836
L14_71,-13.5125210353166,8.88587342447624
L14_72,22.892525748164,6.67956877800189
L14_73,-0.523746789104638,-13.7989865854007
L14_74,-3.39577324563471,7.10857779561044
L14_75,-22.6632786849852,21.7520321511197
L14_76,-21.599508945853,7.16383529298983
L14_78,19.0634145158358,-38.0754979549703
L14_79,8.4252494676925,9.47429074518549
L14_8,47.3135572070688,5.14062496627947
L14_80,64.0870357502374,6.51680053720568
L14_81,-12.3216636214529,16.9458871033537
L14_82,-7.87113680531452,-10.5242645550107
L14_84,-16.9725246037186,21.4225147421098
L14_85,0.355468353699988,0.656094339881186
L14_87,9.54139510930623,-10.1412032762901
L14_89,-11.835111795133,2.15336127538658
L14_9,-23.3124439638108,4.70670998338639
L14_90,-1.58923402904989,10.2652535208888
L14_91,-11.494984964332,-13.1898075175114
L14_92,-14.3668389485625,4.67022263039022
L14_93,5.00955595410231,-10.6287758474554
L14_94,-18.7325560255247,8.12918381435639
L14_96,72.5709661132759,7.85199492370482
L15_1,45.9314069037433,-10.3131207641835
L15_10,67.7695873389274,-29.6058077729028
L15_11,42.3895574516086,4.44038402428685
L15_12,48.9999703814888,-44.7168719261532
L15_13,59.3182592942986,4.06252091966946
L15_16,73.8127344625706,7.41523219695725
L15_17,65.3868747072855,1.7332879638548
L15_18,34.6769078690955,1.26528873487895
L15_19,21.8538054032459,5.23760224262845
L15_2,37.9180797422292,2.03346976153997
L15_20,42.976482157385,5.44404280922572
L15_21,29.9031708486493,4.33206012115544
L15_22,73.6506783208574,3.60006722570717
L15_23,63.2452876363883,3.59897373932157
L15_24,74.0413230820398,2.83895396252276
L15_25,58.9825612815651,-9.1042418547319
L15_26,64.8673944046166,2.64983873863686
L15_27,26.7256238081766,1.89773271413566
L15_29,67.3115571353872,4.41470305093576
L15_3,28.7841018823607,-0.706350924590716
L15_30,74.4692414901129,-0.0871452220136155
L15_33,58.6016285513893,-0.252571385194976
L15_34,28.3356532920666,3.34148950001582
L15_35,1.75563143572804,-59.2154055061076
L15_36,25.3626813924689,-41.3703799689617
L15_37,10.8981647846037,-13.8783951202412
L15_39,44.5204686566222,1.807800192621
L15_4,20.9073766171914,5.87894014416906
L15_40,29.5740548614688,5.99852079293164
L15_41,21.6257948333237,-13.3068815917288
L15_42,26.2834619432364,13.4914991647772
L15_44,-2.45029479701847,2.18085759673309
L15_45,21.0212664741538,-12.1597799445283
L15_46,40.6445592374407,13.3711107066909
L15_47,33.9344490647662,-8.49922141762425
L15_48,22.956138874798,4.45930757184581
L15_49,19.1111947511971,1.781784645712
L15_5,29.1028271137691,-0.140581418196175
L15_50,31.6439285621461,5.67144958175805
L15_52,8.88493232508671,-16.3572882842916
L15_53,5.57851593516776,-10.1220086448768
L15_55,85.7365219223081,7.06183414871938
L15_56,-6.93704276538487,10.5107111119757
L15_57,31.5832967265523,-9.94648489688112
L15_58,50.379827830275,13.8129937004884
L15_59,25.8339060153191,-11.8734562413352
L15_6,71.7356652017109,1.76006701937041
L15_61,41.208344250735,5.16929101202751
L15_62,-3.7638151533946,-23.32530796326
L15_63,79.2426958041644,-23.3593247488673
L15_64,0.996566564362366,-43.9239212036394
L15_65,9.24723950823007,-14.5893081710429
L15_66,10.3390038669821,4.27012674910989
L15_68,12.7130557759588,2.86085628142203
L15_69,44.0974956645638,9.3964585618371
L15_70,10.5557800885348,-14.96981561083
L15_74,13.1506206283336,13.7778061751725
L15_75,-13.0176062566085,16.9655287345463
L15_76,-5.04360144864402,-8.49493933301535
L15_77,14.3754706719368,4.2479829763298
L15_78,14.7801669623873,4.85177861335899
L15_79,28.6822586865216,10.8285690364283
L15_80,49.2451972300419,8.49747627746184
L15_81,-4.20216782332896,-9.25825092889401
L15_82,6.39195926440406,-44.7005662505298
L15_83,18.452782679414,-2.2183834519762
L15_85,7.75665591445758,18.8444445556413
L15_87,19.8455479745514,-8.14282348693958
L15_88,4.57808736412996,8.46158651800347
L15_89,-1.81699159254075,-46.6963537012741
L15_9,9.76197880064328,-0.910201316798754
L15_90,19.0436096575381,5.11992568433005
L15_92,3.46647130573851,-21.6423126328087
L15_93,21.337523316887,16.8539247036866
L15_94,-12.957489937814,13.1032446994804
L15_96,66.1531258895904,7.66233167345357
L16_1,-16.9330937032502,1.17376173489066
L16_10,9.79344963129122,13.9467056837431
L16_11,15.2100131458853,-8.99351737150185
L16_12,5.34718936369632,-17.3020501358905
L16_13,-13.2480477653871,16.8923960145914
L16_14,44.3765698034609,4.49116033222304
L16_15,74.4059084667542,7.57164112275111
L16_16,39.4933670440502,15.597084460641
L16_17,-18.0750554502756,8.44819455505515
L16_18,-24.0768854176791,12.6666990907252
L16_19,-1.6706942700206,8.61955366434566
L16_2,-14.6153065123096,-9.10569814476349
L16_20,-23.7563624782692,21.9670970270747
L16_21,-9.38655124215612,10.3927620540221
L16_22,15.9548231487008,10.1339999501515
L16_23,8.1630953055029,1.3398423940091
L16_24,17.2875002716401,5.0562719547714
L16_25,-15.2007034255093,2.94053647133883
L16_26,-24.4595601717564,2.34941004756167
L16_27,-13.3113214163001,3.27596730685097
L16_28,-21.2340254129724,-19.0898323373404
L16_29,6.69662999871983,-10.8377005541343
L16_3,-11.0577994134165,-9.03722663752227
L16_30,-9.79128513005135,18.6752587372801
L16_32,33.8529683967512,-6.41034858180958
L16_33,-9.68595959772619,-16.2478051826422
L16_34,-23.5677145161217,8.22646770791772
L16_35,-8.04602628500994,-0.945938647258313
L16_36,-12.6375729538596,11.4817153659355
L16_37,-23.7980132690174,-2.12118824016317
L16_38,-9.49113393595817,10.5109058144744
L16_39,-18.4323239335883,-1.75496295193122
L16_4,-20.9527266154488,8.3130030191202
L16_40,56.3285072074864,-3.45079020545697
L16_41,-16.1604818333694,21.2206111456738
L16_43,-23.2546307692618,0.879210429935702
L16_44,-20.5491817771902,6.71014263359671
L16_45,-10.813437551836,12.5498260542304
L16_46,-14.5634602730979,9.55071409897835
L16_47,-11.068917227546,-12.2922008113348
L16_48,-1.22604628463398,2.6086867156681
L16_49,-16.2094884097693,8.17461393900747
L16_5,-21.8904210252558,8.17396200675924
L16_52,2.57924490630103,8.7157294036165
L16_53,-18.5700661820434,11.9446721936495
L16_54,80.670056869141,-0.935202639880291
L16_55,66.0591594050505,11.7080239382584
L16_56,-22.9864722548098,4.79157861771415
L16_57,-11.1576850859855,-16.4712348115412
L16_58,-17.7059313710327,7.6325209131669
L16_59,-20.251567210979,-50.4291560778659
L16_6,1.00109163302742,0.94643402071285
L16_60,-26.2274787856198,4.68726221993494
L16_61,-2.47158466447277,14.4071703957001
L16_62,-20.6300513376723,-13.9433117741151
L16_63,48.8977811923442,-8.0078721790317
L16_64,-24.9627986764008,9.01379315245395
L16_65,-18.5584599208408,5.75297774997014
L16_66,-19.5603280904129,-15.9102629920487
L16_67,-10.9984740538317,7.08872716925845
L16_68,-20.9007598908239,7.43822385793343
L16_69,10.3919339358757,6.05678867216032
L16_7,37.984903691336,5.6304034197557
L16_70,-20.6634277556222,3.83897259204255
L16_71,-16.8238111045559,-32.9170217100916
L16_72,-2.07634459025036,16.452833965808
L16_73,-22.4117675952818,6.71307400098552
L16_74,-20.3796581804178,-15.4841068850679
L16_75,-25.663340102561,6.55616513043744
L16_76,-24.9818820279484,12.1541679654617
L16_77,-18.1435046563418,8.68221078527537
L16_78,-22.372531819902,13.4053347477186
L16_79,-21.7387043490057,3.98032035458682
L16_80,14.1053919272833,1.90542602680056
L16_81,-20.8078995231113,-7.53891887012073
L16_82,-23.4028181768267,1.01423943734008
L16_84,-25.4458631022526,8.03381501536588
L16_85,-16.4954079691238,8.31755667308258
L16_86,90.9036430772046,9.55445120683245
L16_87,-4.73017724678344,4.86445019674009
L16_88,-1.44768206598725,-7.14160331048184
L16_89,-18.6664114903472,-14.6119606078832
L16_9,-20.1242124119929,-51.2264341933621
L16_90,-3.83528568613308,-11.574861626945
L16_91,-20.8973088849833,14.7070019004886
L16_92,-21.3494109084589,21.8448461013148
L16_93,14.6033711758245,10.751591435951
L16_94,-19.6187252957976,18.2674727617372
L16_95,81.0330101436892,15.1016923443727
L16_96,3.69658425619719,-8.73631078953806
