Tag.Date,Tag_ID,Length,Weight,Fin_Clip_Number,Comment,Tank...7,Treatment,collector,Smolt.Assessment,SA.date,FL,WT,SI.text,SI.code,Tank...16,Tech,SWC.PIT,SWC.mort.14.day,Mort.Date,SWC.Tank,SWC.FL,X48.hr.SWC.mort
2020-12-07T00:00:00Z,3D6.1D5958B163,104,12.5,258,NA,9,EC,rob,3D6.1D5958B163,2021-04-22T00:00:00Z,166,54.7,Parr,1,9,AM,NA,0,NA,NA,NA,0
2020-12-08T00:00:00Z,3D6.1D594D7761,95,9.6,281,NA,8,EC,rob,3D6.1D594D7761,2021-04-22T00:00:00Z,153,38.9,Parr,1,8,AM,NA,0,NA,NA,NA,0
2020-12-08T00:00:00Z,3D6.1D594D78CF,111,13.8,1348,NA,8,EC,jeff,3D6.1D594D78CF,2021-04-22T00:00:00Z,168,53.5,Parr,1,8,AM,NA,0,NA,NA,NA,0
2020-12-08T00:00:00Z,3D6.1D595916B6,121,19.8,1351,NA,8,EC,jeff,3D6.1D595916B6,2021-04-22T00:00:00Z,183,65.2,Parr,1,8,AM,NA,0,NA,NA,NA,0
2020-12-08T00:00:00Z,3D6.1D59588F96,79,5.5,309,NA,8,EC,rob,3D6.1D59588F96,2021-04-22T00:00:00Z,158,43.2,Parr,1,8,AM,NA,0,NA,NA,NA,0
2020-12-07T00:00:00Z,3D6.1D5958B386,106,13.3,1220,NA,9,EC,jeff,3D6.1D5958B386,2021-04-22T00:00:00Z,167,53,Parr,1,9,AM,NA,0,NA,NA,NA,0
2020-12-08T00:00:00Z,3D6.1D594D8070,107,13.6,315,NA,8,EC,rob,3D6.1D594D8070,2021-04-22T00:00:00Z,177,63.2,Parr,1,8,AM,NA,0,NA,NA,NA,0
2020-12-08T00:00:00Z,3D6.1D59586B8A,94,8.9,1350,NA,8,EC,jeff,3D6.1D59586B8A,2021-04-22T00:00:00Z,152,41.5,Parr,1,8,AM,NA,0,NA,NA,NA,0
2020-12-07T00:00:00Z,3D6.1D5958B6CC,103,12.3,1277,NA,9,EC,jeff,3D6.1D5958B6CC,2021-04-22T00:00:00Z,169,55.8,Parr,1,9,AM,NA,0,NA,NA,NA,0
2020-12-07T00:00:00Z,3D6.1D59591BC9,107,15.2,217,NA,9,EC,rob,3D6.1D59591BC9,2021-04-22T00:00:00Z,179,66.4,Parr,1,9,AM,NA,0,NA,NA,NA,0
2020-12-08T00:00:00Z,3D6.1D59592C2A,106,11.3,324,NA,8,EC,rob,3D6.1D59592C2A,2021-04-22T00:00:00Z,162,47.4,Parr,1,8,AM,NA,0,NA,NA,NA,0
2020-12-07T00:00:00Z,3D6.1D5958A332,108,13.5,1223,NA,9,EC,jeff,3D6.1D5958A332,2021-04-22T00:00:00Z,186,78.9,Parr,1,9,AM,NA,0,NA,NA,NA,0
2020-12-08T00:00:00Z,3D6.1D5959260B,91,8.9,1426,NA,8,EC,jeff,3D6.1D5959260B,2021-04-22T00:00:00Z,154,45.1,Parr,1,8,JA,NA,0,NA,NA,NA,0
2020-12-08T00:00:00Z,3D6.1D59593121,115,16,288,NA,8,EC,rob,3D6.1D59593121,2021-04-22T00:00:00Z,176,58.3,Parr,1,8,AM,NA,0,NA,NA,NA,0
2020-12-08T00:00:00Z,3D6.1D5958ABF6,113,16.7,359,NA,8,EC,rob,3D6.1D5958ABF6,2021-04-22T00:00:00Z,185,71.7,Parr,1,8,AM,NA,0,NA,NA,NA,0
2020-12-07T00:00:00Z,3D6.1D59585F80,106,11.1,1276,NA,9,EC,jeff,3D6.1D59585F80,2021-04-22T00:00:00Z,169,54.5,Parr,1,9,AM,NA,0,NA,NA,NA,0
2020-12-07T00:00:00Z,3D6.1D59591581,120,17.5,1271,NA,9,EC,jeff,3D6.1D59591581,2021-04-22T00:00:00Z,175,61.9,Parr,1,9,JA,NA,0,NA,NA,NA,0
2020-12-07T00:00:00Z,3D6.1D5958917A,104,14.2,244,NA,9,EC,rob,3D6.1D5958917A,2021-04-22T00:00:00Z,170,57.9,Parr,1,9,AM,NA,0,NA,NA,NA,0
2020-12-07T00:00:00Z,3D6.1D5958A112,122,22.3,1218,NA,9,EC,jeff,3D6.1D5958A112,2021-04-22T00:00:00Z,196,83.7,Parr,1,9,JA,NA,0,NA,NA,NA,0
2020-12-08T00:00:00Z,3D6.1D5958A5CC,109,15.1,282,NA,8,EC,rob,3D6.1D5958A5CC,2021-04-22T00:00:00Z,174,55.5,Parr,1,8,JA,NA,0,NA,NA,NA,0
2020-12-08T00:00:00Z,3D6.1D5959137E,120,18.7,1373,NA,8,EC,jeff,3D6.1D5959137E,2021-04-22T00:00:00Z,188,77.7,Parr,1,8,AM,NA,0,NA,NA,NA,0
2020-12-08T00:00:00Z,3D6.1D595868F7,125,21.9,346,NA,8,EC,rob,3D6.1D595868F7,2021-04-22T00:00:00Z,187,75.2,Parr,1,8,AM,NA,0,NA,NA,NA,0
2020-12-08T00:00:00Z,3D6.1D59587C71,123,20.9,1376,NA,8,EC,jeff,3D6.1D59587C71,2021-04-22T00:00:00Z,181,65.2,Parr,1,8,JA,NA,0,NA,NA,NA,0
2020-12-08T00:00:00Z,3D6.1D5958634F,133,24.5,1371,NA,8,EC,jeff,3D6.1D5958634F,2021-04-22T00:00:00Z,190,74.1,Parr,1,8,AM,NA,0,NA,NA,NA,0
2020-12-07T00:00:00Z,3D6.1D5958A59C,84,5.6,1295,NA,9,EC,jeff,3D6.1D5958A59C,2021-04-22T00:00:00Z,99,11.8,Parr,1,9,JA,3D6.1D5958A59C,1,2021-05-04T00:00:00Z,34,93,1
2020-12-08T00:00:00Z,3D6.1D5959023D,114,15.6,339,NA,8,EC,rob,3D6.1D5959023D,2021-04-22T00:00:00Z,171,57.1,Parr,1,8,AM,3D6.1D5959023D,1,2021-05-05T00:00:00Z,34,172,1
2020-12-08T00:00:00Z,3D6.1D59587140,88,9.1,323,NA,8,EC,rob,3D6.1D59587140,2021-04-22T00:00:00Z,147,37.4,Parr,1,8,AM,3D6.1D59587140,1,2021-05-06T00:00:00Z,34,151,0
2020-12-07T00:00:00Z,3D6.1D595911C2,80,6.2,1313,NA,9,EC,jeff,3D6.1D595911C2,2021-04-22T00:00:00Z,141,31.6,Parr,1,9,AM,3D6.1D595911C2,1,2021-05-04T00:00:00Z,35,144,1
2020-12-07T00:00:00Z,3D6.1D595884A5,100,11.8,1215,NA,9,EC,jeff,3D6.1D595884A5,2021-04-22T00:00:00Z,162,46.6,Parr,1,9,JA,3D6.1D595884A5,1,2021-05-05T00:00:00Z,34,162,1
2020-12-07T00:00:00Z,3D6.1D5958A8C3,98,11.6,1311,NA,9,EC,jeff,3D6.1D5958A8C3,2021-04-22T00:00:00Z,139,28.6,Parr,1,9,AM,3D6.1D5958A8C3,1,2021-05-05T00:00:00Z,35,139,1
2020-12-08T00:00:00Z,3D6.1D594D7777,101,11.9,1385,NA,8,EC,jeff,3D6.1D594D7777,2021-04-22T00:00:00Z,164,50.2,Parr,1,8,AM,3D6.1D594D7777,1,2021-05-06T00:00:00Z,34,163,0
2020-12-08T00:00:00Z,3D6.1D59591A6D,89,6.1,1323,NA,8,EC,jeff,3D6.1D59591A6D,2021-04-22T00:00:00Z,126,22.9,Parr,1,8,AM,3D6.1D59591A6D,1,2021-05-05T00:00:00Z,35,133,1
2020-12-07T00:00:00Z,3D6.1D5958B394,84,5.8,1200,NA,9,EC,jeff,3D6.1D5958B394,2021-04-22T00:00:00Z,129,23.1,Parr,1,9,JA,3D6.1D5958B394,1,2021-05-05T00:00:00Z,35,130,1
2020-12-08T00:00:00Z,3D6.1D59592173,123,20.5,1389,NA,8,EC,jeff,3D6.1D59592173,2021-04-22T00:00:00Z,187,72.4,Parr,1,8,AM,3D6.1D59592173,1,2021-05-08T00:00:00Z,34,185,0
2020-12-07T00:00:00Z,3D6.1D5958ADE7,99,10.4,235,NA,9,EC,rob,3D6.1D5958ADE7,2021-04-22T00:00:00Z,160,46.6,Parr,1,9,AM,3D6.1D5958ADE7,1,2021-05-08T00:00:00Z,34,162,0
2020-12-08T00:00:00Z,3D6.1D59589544,91,8.1,1386,NA,8,EC,jeff,3D6.1D59589544,2021-04-22T00:00:00Z,129,24.2,Parr,1,8,AM,3D6.1D59589544,1,2021-05-06T00:00:00Z,35,131,0
2020-12-08T00:00:00Z,3D6.1D59592453,84,6.4,326,NA,8,EC,rob,3D6.1D59592453,2021-04-22T00:00:00Z,122,20.1,Parr,1,8,AM,3D6.1D59592453,1,2021-05-05T00:00:00Z,35,123,1
2020-12-08T00:00:00Z,3D6.1D59585081,97,9.6,353,NA,8,EC,rob,3D6.1D59585081,2021-04-22T00:00:00Z,162,46.9,Parr,1,8,AM,3D6.1D59585081,1,2021-05-04T00:00:00Z,34,160,1
2020-12-08T00:00:00Z,3D6.1D595913AB,80,6.2,310,NA,8,EC,rob,3D6.1D595913AB,2021-04-22T00:00:00Z,120,19.5,Parr,1,8,AM,3D6.1D595913AB,1,2021-05-05T00:00:00Z,35,123,1
2020-12-07T00:00:00Z,3D6.1D594D7A3E,80,5.8,211,NA,9,EC,rob,3D6.1D594D7A3E,2021-04-22T00:00:00Z,129,23.2,Parr,1,9,JA,3D6.1D594D7A3E,1,2021-05-05T00:00:00Z,35,129,1
2020-12-08T00:00:00Z,3D6.1D59591C08,127,22.7,362,NA,8,EC,rob,3D6.1D59591C08,2021-04-22T00:00:00Z,177,62.7,Parr,1,8,AM,3D6.1D59591C08,1,2021-05-08T00:00:00Z,35,175,0
2020-12-08T00:00:00Z,3D6.1D59586862,84,7.2,1358,NA,8,EC,jeff,3D6.1D59586862,2021-04-22T00:00:00Z,147,37.1,Parr,1,8,JA,3D6.1D59586862,1,2021-05-12T00:00:00Z,35,141,0
2020-12-07T00:00:00Z,3D6.1D59589277,119,19.2,1213,NA,9,EC,jeff,3D6.1D59589277,2021-04-22T00:00:00Z,190,86.3,Parr,1,9,AM,3D6.1D59589277,1,2021-05-07T00:00:00Z,35,188,0
2020-12-08T00:00:00Z,3D6.1D59592D82,109,13.7,1368,NA,8,EC,jeff,3D6.1D59592D82,2021-04-22T00:00:00Z,164,46.4,Parr,1,8,JA,3D6.1D59592D82,1,2021-05-05T00:00:00Z,34,161,1
2020-12-08T00:00:00Z,3D6.1D59592661,105,12.4,318,NA,8,EC,rob,3D6.1D59592661,2021-04-22T00:00:00Z,165,47.8,Parr,1,8,JA,3D6.1D59592661,1,2021-05-05T00:00:00Z,35,161,1
2020-12-07T00:00:00Z,3D6.1D59591C01,101,10.8,1274,NA,9,EC,jeff,3D6.1D59591C01,2021-04-22T00:00:00Z,161,43.4,Parr,1,9,AM,3D6.1D59591C01,1,2021-05-04T00:00:00Z,34,159,1
2020-12-08T00:00:00Z,3D6.1D59592609,114,17.2,1341,NA,8,EC,jeff,3D6.1D59592609,2021-04-22T00:00:00Z,176,62.7,Parr,1,8,AM,3D6.1D59592609,1,2021-05-10T00:00:00Z,34,173,0
2020-12-08T00:00:00Z,3D6.1D5958A102,92,7.9,1333,NA,8,EC,jeff,3D6.1D5958A102,2021-04-22T00:00:00Z,150,38.4,Parr,1,8,JA,3D6.1D5958A102,1,2021-05-07T00:00:00Z,34,153,0
2020-12-08T00:00:00Z,3D6.1D595923D7,122,20.1,304,NA,8,EC,rob,3D6.1D595923D7,2021-04-22T00:00:00Z,181,68.9,Parr,1,8,AM,3D6.1D595923D7,1,2021-05-08T00:00:00Z,35,179,0
2020-12-08T00:00:00Z,3D6.1D59587C14,109,14.3,1403,NA,8,EC,jeff,3D6.1D59587C14,2021-04-22T00:00:00Z,171,57.4,Parr,1,8,AM,3D6.1D59587C14,1,2021-05-06T00:00:00Z,34,168,0
2020-12-08T00:00:00Z,3D6.1D59591D3E,115,19.8,327,NA,8,EC,rob,3D6.1D59591D3E,2021-04-22T00:00:00Z,188,87.1,Parr,1,8,AM,3D6.1D59591D3E,1,2021-05-06T00:00:00Z,34,188,0
2020-12-08T00:00:00Z,3D6.1D59589DF4,96,8.6,354,NA,8,EC,rob,3D6.1D59589DF4,2021-04-22T00:00:00Z,153,39.2,Parr,1,8,JA,3D6.1D59589DF4,1,2021-05-06T00:00:00Z,34,154,0
2020-12-08T00:00:00Z,3D6.1D59591A70,99,11.8,293,NA,8,EC,rob,3D6.1D59591A70,2021-04-22T00:00:00Z,164,48,Parr,1,8,JA,3D6.1D59591A70,1,2021-05-06T00:00:00Z,34,162,0
2020-12-08T00:00:00Z,3D6.1D59592192,120,20.4,273,NA,8,EC,rob,3D6.1D59592192,2021-04-22T00:00:00Z,179,62.9,Parr,1,8,JA,3D6.1D59592192,1,2021-05-10T00:00:00Z,35,171,0
2020-12-08T00:00:00Z,3D6.1D594D8ACA,79,5.2,1322,NA,8,EC,jeff,3D6.1D594D8ACA,2021-04-22T00:00:00Z,109,15.2,Parr,1,8,AM,3D6.1D594D8ACA,1,2021-05-04T00:00:00Z,34,109,1
2020-12-08T00:00:00Z,3D6.1D59591BD3,87,7.4,1387,NA,8,EC,jeff,3D6.1D59591BD3,2021-04-22T00:00:00Z,129,23.7,Parr,1,8,JA,3D6.1D59591BD3,1,2021-05-04T00:00:00Z,34,127,1
2020-12-08T00:00:00Z,3D6.1D5958FD88,111,14.7,1423,NA,8,EC,jeff,3D6.1D5958FD88,2021-04-22T00:00:00Z,181,64.1,Parr,1,8,AM,3D6.1D5958FD88,1,2021-05-06T00:00:00Z,35,179,0
2020-12-08T00:00:00Z,3D6.1D59588F06,97,9.6,1415,NA,8,EC,jeff,3D6.1D59588F06,2021-04-22T00:00:00Z,152,38.6,Parr,1,8,JA,3D6.1D59588F06,1,2021-05-04T00:00:00Z,35,146,1
2020-12-08T00:00:00Z,3D6.1D595915BA,97,10.3,1372,NA,8,EC,jeff,3D6.1D595915BA,2021-04-22T00:00:00Z,153,43,Parr,1,8,JA,3D6.1D595915BA,1,2021-05-06T00:00:00Z,34,151,0
2020-12-08T00:00:00Z,3D6.1D5958917E,85,7,319,NA,8,EC,rob,3D6.1D5958917E,2021-04-22T00:00:00Z,152,38.3,Parr,1,8,JA,3D6.1D5958917E,1,2021-05-05T00:00:00Z,35,148,1
2020-12-08T00:00:00Z,3D6.1D595928BC,111,14.5,1384,NA,8,EC,jeff,3D6.1D595928BC,2021-04-22T00:00:00Z,162,50.7,Parr,1,8,AM,3D6.1D595928BC,1,2021-05-07T00:00:00Z,35,164,0
2020-12-08T00:00:00Z,3D6.1D594D8371,104,12.4,1398,NA,8,EC,jeff,3D6.1D594D8371,2021-04-22T00:00:00Z,180,63.5,Parr,1,8,AM,3D6.1D594D8371,1,2021-05-12T00:00:00Z,34,175,0
2020-12-08T00:00:00Z,3D6.1D59591D18,106,12.2,1602,NA,7,LC,jeff,3D6.1D59591D18,2021-04-20T00:00:00Z,179,60.6,Parr,1,7,AM,NA,0,NA,NA,NA,0
2020-12-08T00:00:00Z,3D6.1D595924E4,88,7.5,1444,NA,3,LC,jeff,3D6.1D595924E4,2021-04-21T00:00:00Z,156,2,Parr,1,3,JA,NA,0,NA,NA,NA,0
2020-12-08T00:00:00Z,3D6.1D59591B48,96,9.2,453,NA,3,LC,chris,3D6.1D59591B48,2021-04-21T00:00:00Z,168,47.8,Parr,1,3,JA,NA,0,NA,NA,NA,0
2020-12-08T00:00:00Z,3D6.1D595921E3,62,2.9,526,NA,7,LC,chris,3D6.1D595921E3,2021-04-20T00:00:00Z,79,5.3,Parr,1,7,AM,NA,0,NA,NA,NA,0
2020-12-08T00:00:00Z,3D6.1D59592939,106,13.2,1541,NA,7,LC,jeff,3D6.1D59592939,2021-04-20T00:00:00Z,187,71.1,Parr,1,7,AM,NA,0,NA,NA,NA,0
2020-12-08T00:00:00Z,3D6.1D5959240B,90,7.7,1603,NA,7,LC,jeff,3D6.1D5959240B,2021-04-20T00:00:00Z,170,50.6,Parr,1,7,AM,NA,0,NA,NA,NA,0
2020-12-08T00:00:00Z,3D6.1D594D74EE,83,6.5,468,NA,3,LC,chris,3D6.1D594D74EE,2021-04-21T00:00:00Z,156,43.6,Parr,1,3,JA,NA,0,NA,NA,NA,0
2020-12-08T00:00:00Z,3D6.1D5953928E,96,9.4,1505,NA,3,LC,jeff,3D6.1D5953928E,2021-04-21T00:00:00Z,182,64,Parr,1,3,JA,NA,0,NA,NA,NA,0
2020-12-08T00:00:00Z,3D6.1D595910E7,79,5.3,491,NA,7,LC,chris,3D6.1D595910E7,2021-04-20T00:00:00Z,134,27.1,Parr,1,7,AM,NA,0,NA,NA,NA,0
2020-12-08T00:00:00Z,3D6.1D5958AEAB,95,10,1527,NA,3,LC,jeff,3D6.1D5958AEAB,2021-04-21T00:00:00Z,136,27.3,Parr,1,3,JA,NA,0,NA,NA,NA,0
2020-12-08T00:00:00Z,3D6.1D59591D25,90,8.6,372,NA,3,LC,chris,3D6.1D59591D25,2021-04-21T00:00:00Z,156,40.3,Parr,1,3,JA,NA,0,NA,NA,NA,0
2020-12-08T00:00:00Z,3D6.1D59538730,98,11,1506,NA,3,LC,jeff,3D6.1D59538730,2021-04-21T00:00:00Z,169,53.4,Parr,1,3,JA,NA,0,NA,NA,NA,0
2020-12-08T00:00:00Z,3D6.1D59591475,98,9.9,405,NA,3,LC,chris,3D6.1D59591475,2021-04-21T00:00:00Z,181,63,Parr,1,3,JA,NA,0,NA,NA,NA,0
2020-12-08T00:00:00Z,3D6.1D59591405,100,5.7,1482,NA,3,LC,jeff,3D6.1D59591405,2021-04-21T00:00:00Z,145,33.8,Parr,1,3,JA,NA,0,NA,NA,NA,0
2020-12-08T00:00:00Z,3D6.1D594D8F81,90,8,444,NA,3,LC,chris,3D6.1D594D8F81,2021-04-21T00:00:00Z,142,54.4,Parr,1,3,JA,NA,0,NA,NA,NA,0
2020-12-08T00:00:00Z,3D6.1D595923BC,92,8.7,1466,NA,3,LC,jeff,3D6.1D595923BC,2021-04-21T00:00:00Z,154,40.4,Parr,1,3,JA,NA,0,NA,NA,NA,0
2020-12-08T00:00:00Z,3D6.1D594D87DC,94,9.2,451,NA,3,LC,chris,3D6.1D594D87DC,2021-04-21T00:00:00Z,162,49.8,Parr,1,3,JA,NA,0,NA,NA,NA,0
2020-12-08T00:00:00Z,3D6.1D59588493,78,5.6,380,NA,3,LC,chris,3D6.1D59588493,2021-04-21T00:00:00Z,168,52.3,Parr,1,3,JA,NA,0,NA,NA,NA,0
2020-12-08T00:00:00Z,3D6.1D59538731,80,5.8,497,NA,7,LC,chris,3D6.1D59538731,2021-04-20T00:00:00Z,124,21.3,Parr,1,7,JA,NA,0,NA,NA,NA,0
2020-12-08T00:00:00Z,3D6.1D595919A4,98,10.4,420,NA,3,LC,chris,3D6.1D595919A4,2021-04-21T00:00:00Z,176,55.7,Parr,1,3,JA,NA,0,NA,NA,NA,0
2020-12-08T00:00:00Z,3D6.1D5958AFBB,81,5.3,432,NA,3,LC,chris,3D6.1D5958AFBB,2021-04-21T00:00:00Z,156,36.9,Parr,1,3,JA,NA,0,NA,NA,NA,0
2020-12-08T00:00:00Z,3D6.1D595918A1,74,5.1,1478,NA,3,LC,jeff,3D6.1D595918A1,2021-04-21T00:00:00Z,111,16.1,Parr,1,3,JA,3D6.1D595918A1,1,2021-05-04T00:00:00Z,34,106,1
2020-12-08T00:00:00Z,3D6.1D59588BAC,87,7.4,504,NA,7,LC,chris,3D6.1D59588BAC,2021-04-20T00:00:00Z,156,41.8,Parr,1,7,AM,3D6.1D59588BAC,1,2021-05-04T00:00:00Z,35,154,1
2020-12-08T00:00:00Z,3D6.1D594D840C,72,3.8,523,NA,7,LC,chris,3D6.1D594D840C,2021-04-20T00:00:00Z,90,9.2,Parr,1,7,JA,3D6.1D594D840C,1,2021-05-04T00:00:00Z,34,89,1
2020-12-08T00:00:00Z,3D6.1D594D8041,93,9.2,455,NA,3,LC,chris,3D6.1D594D8041,2021-04-21T00:00:00Z,170,53.4,Parr,1,3,JA,3D6.1D594D8041,1,2021-05-14T00:00:00Z,35,170,0
2020-12-08T00:00:00Z,3D6.1D59586307,95,11.3,552,NA,7,LC,chris,3D6.1D59586307,2021-04-20T00:00:00Z,163,54.9,Parr,1,7,AM,3D6.1D59586307,1,2021-05-06T00:00:00Z,34,161,0
2020-12-08T00:00:00Z,3D6.1D59592780,90,8.1,1532,NA,7,LC,jeff,3D6.1D59592780,2021-04-20T00:00:00Z,161,44.7,Parr,1,7,AM,3D6.1D59592780,1,2021-05-06T00:00:00Z,34,158,0
2020-12-08T00:00:00Z,3D6.1D595928A6,87,7.6,1611,NA,7,LC,jeff,3D6.1D595928A6,2021-04-20T00:00:00Z,169,55.6,Parr,1,7,AM,3D6.1D595928A6,1,2021-05-06T00:00:00Z,35,169,0
2020-12-08T00:00:00Z,3D6.1D59588763,85,7.3,1615,NA,7,LC,jeff,3D6.1D59588763,2021-04-20T00:00:00Z,121,20,Parr,1,7,AM,3D6.1D59588763,1,2021-05-05T00:00:00Z,34,124,1
2020-12-08T00:00:00Z,3D6.1D59592849,86,7.3,1479,NA,3,LC,jeff,3D6.1D59592849,2021-04-21T00:00:00Z,145,33.9,Parr,1,3,JA,3D6.1D59592849,1,2021-05-06T00:00:00Z,34,150,0
2020-12-08T00:00:00Z,3D6.1D59586C1E,75,4.8,1574,NA,7,LC,jeff,3D6.1D59586C1E,2021-04-20T00:00:00Z,121,18.8,Parr,1,7,AM,3D6.1D59586C1E,1,2021-05-06T00:00:00Z,34,124,0
2020-12-08T00:00:00Z,3D6.1D59585A06,77,4.7,1538,NA,7,LC,jeff,3D6.1D59585A06,2021-04-20T00:00:00Z,145,32.5,Parr,1,7,JA,3D6.1D59585A06,1,2021-05-08T00:00:00Z,34,150,0
2020-12-08T00:00:00Z,3D6.1D5958A88F,81,5.8,1586,NA,7,LC,jeff,3D6.1D5958A88F,2021-04-20T00:00:00Z,135,26.3,Parr,1,7,AM,3D6.1D5958A88F,1,2021-05-08T00:00:00Z,35,140,0
2020-12-08T00:00:00Z,3D6.1D5958A4FA,82,6.1,563,NA,7,LC,chris,3D6.1D5958A4FA,2021-04-20T00:00:00Z,129,25.2,Parr,1,7,JA,3D6.1D5958A4FA,1,2021-05-05T00:00:00Z,34,129,1
2020-12-08T00:00:00Z,3D6.1D59586A2B,80,5.5,1597,NA,7,LC,jeff,3D6.1D59586A2B,2021-04-20T00:00:00Z,135,27.1,Parr,1,7,AM,3D6.1D59586A2B,1,2021-05-05T00:00:00Z,35,141,1
2020-12-08T00:00:00Z,3D6.1D5958A16F,96,9,1431,NA,3,LC,jeff,3D6.1D5958A16F,2021-04-21T00:00:00Z,177,57.2,Parr,1,3,JA,3D6.1D5958A16F,1,2021-05-05T00:00:00Z,34,174,1
2020-12-08T00:00:00Z,3D6.1D5959245A,73,4.5,1469,NA,3,LC,jeff,3D6.1D5959245A,2021-04-21T00:00:00Z,111,15.1,Parr,1,3,JA,3D6.1D5959245A,1,2021-05-04T00:00:00Z,35,107,1
2020-12-08T00:00:00Z,3D6.1D5959062A,81,6.3,1477,NA,3,LC,jeff,3D6.1D5959062A,2021-04-21T00:00:00Z,151,34.7,Parr,1,3,JA,3D6.1D5959062A,1,2021-05-06T00:00:00Z,34,150,0
2020-12-08T00:00:00Z,3D6.1D59591D13,76,3.9,502,NA,7,LC,chris,3D6.1D59591D13,2021-04-20T00:00:00Z,115,16,Parr,1,7,AM,3D6.1D59591D13,1,2021-05-04T00:00:00Z,35,116,1
2020-12-08T00:00:00Z,3D6.1D5958A877,82,6.1,415,NA,3,LC,chris,3D6.1D5958A877,2021-04-21T00:00:00Z,165,46.2,Parr,1,3,JA,3D6.1D5958A877,1,2021-05-10T00:00:00Z,34,164,0
2020-12-08T00:00:00Z,3D6.1D59592701,79,5.7,573,NA,7,LC,chris,3D6.1D59592701,2021-04-20T00:00:00Z,141,29.6,Parr,1,7,JA,3D6.1D59592701,1,2021-05-06T00:00:00Z,35,142,0
2020-12-08T00:00:00Z,3D6.1D594D833E,97,6.8,564,NA,7,LC,chris,3D6.1D594D833E,2021-04-20T00:00:00Z,172,56.4,Parr,1,7,AM,3D6.1D594D833E,1,2021-05-08T00:00:00Z,34,169,0
2020-12-08T00:00:00Z,3D6.1D5959156F,87,8.2,554,NA,7,LC,chris,3D6.1D5959156F,2021-04-20T00:00:00Z,162,43.5,Parr,1,7,JA,3D6.1D5959156F,1,2021-05-12T00:00:00Z,35,162,0
2020-12-08T00:00:00Z,3D6.1D5958B0A3,79,5.5,1439,NA,3,LC,jeff,3D6.1D5958B0A3,2021-04-21T00:00:00Z,141,28.6,Parr,1,3,JA,3D6.1D5958B0A3,1,2021-05-05T00:00:00Z,34,140,1
2020-12-08T00:00:00Z,3D6.1D595910FF,67,3.5,435,NA,3,LC,chris,3D6.1D595910FF,2021-04-21T00:00:00Z,92,9.9,Parr,1,3,JA,3D6.1D595910FF,1,2021-05-04T00:00:00Z,35,92,1
2020-12-08T00:00:00Z,3D6.1D594D798B,85,6.8,525,NA,7,LC,chris,3D6.1D594D798B,2021-04-20T00:00:00Z,133,25,Parr,1,7,AM,3D6.1D594D798B,1,2021-05-05T00:00:00Z,34,136,1
2020-12-08T00:00:00Z,3D6.1D5958ADCF,76,4.9,524,NA,7,LC,chris,3D6.1D5958ADCF,2021-04-20T00:00:00Z,146,33.9,Parr,1,7,AM,3D6.1D5958ADCF,1,2021-05-06T00:00:00Z,34,145,0
2020-12-08T00:00:00Z,3D6.1D59590378,84,6.5,421,NA,3,LC,chris,3D6.1D59590378,2021-04-21T00:00:00Z,141,29.5,Parr,1,3,JA,3D6.1D59590378,1,2021-05-07T00:00:00Z,35,144,0
2020-12-08T00:00:00Z,3D6.1D595931B9,83,6.1,518,NA,7,LC,chris,3D6.1D595931B9,2021-04-20T00:00:00Z,152,34.4,Parr,1,7,JA,3D6.1D595931B9,1,2021-05-06T00:00:00Z,35,146,0
2020-12-08T00:00:00Z,3D6.1D594D74C0,84,6.8,1446,NA,3,LC,jeff,3D6.1D594D74C0,2021-04-21T00:00:00Z,143,31.9,Parr,1,3,JA,3D6.1D594D74C0,1,2021-05-07T00:00:00Z,34,140,0
2020-12-08T00:00:00Z,3D6.1D59539290,80,5.8,1510,NA,3,LC,jeff,3D6.1D59539290,2021-04-21T00:00:00Z,141,30.5,Parr,1,3,JA,3D6.1D59539290,1,2021-05-05T00:00:00Z,35,143,1
2020-12-08T00:00:00Z,3D6.1D59589FF0,82,6.4,465,NA,3,LC,chris,3D6.1D59589FF0,2021-04-21T00:00:00Z,149,35.2,Parr,1,3,JA,3D6.1D59589FF0,1,2021-05-10T00:00:00Z,35,140,0
2020-12-08T00:00:00Z,3D6.1D59591E2B,77,4.8,1437,NA,3,LC,jeff,3D6.1D59591E2B,2021-04-21T00:00:00Z,137,29.3,Parr,1,3,JA,3D6.1D59591E2B,1,2021-05-05T00:00:00Z,34,138,1
2020-12-08T00:00:00Z,3D6.1D59588B01,75,5.1,457,NA,3,LC,chris,3D6.1D59588B01,2021-04-21T00:00:00Z,123,20.7,Parr,1,3,JA,3D6.1D59588B01,1,2021-05-05T00:00:00Z,34,123,1
2020-12-08T00:00:00Z,3D6.1D595904B1,83,5.6,1447,NA,3,LC,jeff,3D6.1D595904B1,2021-04-21T00:00:00Z,140,25,Parr,1,3,JA,3D6.1D595904B1,1,2021-05-05T00:00:00Z,35,136,1
2020-12-08T00:00:00Z,3D6.1D5958759C,63,2.8,489,NA,7,LC,chris,3D6.1D5958759C,2021-04-20T00:00:00Z,83,6.9,Parr,1,7,JA,3D6.1D5958759C,1,2021-05-04T00:00:00Z,35,79,1
2020-12-08T00:00:00Z,3D6.1D59589F9A,96,9.6,1549,NA,7,LC,jeff,3D6.1D59589F9A,2021-04-20T00:00:00Z,170,54.4,Parr,1,7,JA,3D6.1D59589F9A,1,2021-05-07T00:00:00Z,34,170,0
2020-12-08T00:00:00Z,3D6.1D59586145,84,6,414,NA,3,LC,chris,3D6.1D59586145,2021-04-21T00:00:00Z,112,15.9,Parr,1,3,JA,3D6.1D59586145,1,2021-05-05T00:00:00Z,35,108,1
2020-12-07T00:00:00Z,3D6.1D594D8207,128,22.6,1255,NA,9,EC,jeff,3D6.1D594D8207,2021-04-22T00:00:00Z,215,106.9,Smolt,3,9,JA,NA,0,NA,NA,NA,0
2020-12-08T00:00:00Z,3D6.1D594D6992,138,28.2,355,NA,8,EC,rob,3D6.1D594D6992,2021-04-22T00:00:00Z,211,106.1,Smolt,3,8,AM,NA,0,NA,NA,NA,0
2020-12-08T00:00:00Z,3D6.1D595911C4,139,29.2,1417,NA,8,EC,jeff,3D6.1D595911C4,2021-04-22T00:00:00Z,222,125,Smolt,3,8,JA,NA,0,NA,NA,NA,0
2020-12-08T00:00:00Z,3D6.1D5959151E,135,27.5,1375,NA,8,EC,jeff,3D6.1D5959151E,2021-04-22T00:00:00Z,222,125.2,Smolt,3,8,JA,NA,0,NA,NA,NA,0
2020-12-07T00:00:00Z,3D6.1D5959246C,132,26.2,1226,NA,9,EC,jeff,3D6.1D5959246C,2021-04-22T00:00:00Z,206,108,Smolt,3,9,JA,NA,0,NA,NA,NA,0
2020-12-07T00:00:00Z,3D6.1D59592356,139,29.7,1298,NA,9,EC,jeff,3D6.1D59592356,2021-04-22T00:00:00Z,220,126.1,Smolt,3,9,JA,NA,0,NA,NA,NA,0
2020-12-07T00:00:00Z,3D6.1D594D7DC5,124,20.3,206,NA,9,EC,rob,3D6.1D594D7DC5,2021-04-22T00:00:00Z,195,79.8,Smolt,3,9,JA,NA,0,NA,NA,NA,0
2020-12-08T00:00:00Z,3D6.1D5958A6BF,132,24.7,1377,NA,8,EC,jeff,3D6.1D5958A6BF,2021-04-22T00:00:00Z,214,110.9,Smolt,3,8,JA,NA,0,NA,NA,NA,0
2020-12-07T00:00:00Z,3D6.1D59591732,119,18.3,1258,NA,9,EC,jeff,3D6.1D59591732,2021-04-22T00:00:00Z,200,135.5,Smolt,3,9,AM,NA,0,NA,NA,NA,0
2020-12-08T00:00:00Z,3D6.1D5959164D,120,20.5,266,NA,8,EC,rob,3D6.1D5959164D,2021-04-22T00:00:00Z,195,78.8,Smolt,3,8,AM,NA,0,NA,NA,NA,0
2020-12-07T00:00:00Z,3D6.1D59593258,128,24.6,249,NA,9,EC,rob,3D6.1D59593258,2021-04-22T00:00:00Z,208,105.5,Smolt,3,9,JA,NA,0,NA,NA,NA,0
2020-12-07T00:00:00Z,3D6.1D595889EE,125,19.9,1192,NA,9,EC,jeff,3D6.1D595889EE,2021-04-22T00:00:00Z,210,102.6,Smolt,3,9,JA,NA,0,NA,NA,NA,0
2020-12-08T00:00:00Z,3D6.1D59587492,132,25.2,314,NA,8,EC,rob,3D6.1D59587492,2021-04-22T00:00:00Z,211,104.5,Smolt,3,8,JA,NA,0,NA,NA,NA,0
2020-12-07T00:00:00Z,3D6.1D595876D4,117,18.7,1286,NA,9,EC,jeff,3D6.1D595876D4,2021-04-22T00:00:00Z,207,103.6,Smolt,3,9,AM,NA,0,NA,NA,NA,0
2020-12-08T00:00:00Z,3D6.1D59538D8B,116,17.1,1361,NA,8,EC,jeff,3D6.1D59538D8B,2021-04-22T00:00:00Z,183,72.6,Smolt,3,8,AM,NA,0,NA,NA,NA,0
2020-12-08T00:00:00Z,3D6.1D59588733,133,24.1,1395,NA,8,EC,jeff,3D6.1D59588733,2021-04-22T00:00:00Z,210,105.9,Smolt,3,8,AM,NA,0,NA,NA,NA,0
2020-12-07T00:00:00Z,3D6.1D59591251,124,21.3,193,NA,9,EC,rob,3D6.1D59591251,2021-04-22T00:00:00Z,214,115.2,Smolt,3,9,AM,NA,0,NA,NA,NA,0
2020-12-07T00:00:00Z,3D6.1D5958A940,109,14.1,1293,NA,9,EC,jeff,3D6.1D5958A940,2021-04-22T00:00:00Z,178,64.6,Smolt,3,9,JA,NA,0,NA,NA,NA,0
2020-12-07T00:00:00Z,3D6.1D59587811,128,24.7,243,NA,9,EC,rob,3D6.1D59587811,2021-04-22T00:00:00Z,206,100.8,Smolt,3,9,JA,NA,0,NA,NA,NA,0
2020-12-07T00:00:00Z,3D6.1D59539031,115,18.1,204,NA,9,EC,rob,3D6.1D59539031,2021-04-22T00:00:00Z,190,83.4,Smolt,3,9,AM,NA,0,NA,NA,NA,0
2020-12-08T00:00:00Z,3D6.1D59590DC9,131,22.1,1330,NA,8,EC,jeff,3D6.1D59590DC9,2021-04-22T00:00:00Z,203,92.1,Smolt,3,8,AM,NA,0,NA,NA,NA,0
2020-12-08T00:00:00Z,3D6.1D59589C62,116,17.1,1378,NA,8,EC,jeff,3D6.1D59589C62,2021-04-22T00:00:00Z,203,90.8,Smolt,3,8,JA,NA,0,NA,NA,NA,0
2020-12-08T00:00:00Z,3D6.1D59539245,122,19.3,1319,NA,8,EC,jeff,3D6.1D59539245,2021-04-22T00:00:00Z,195,79,Smolt,3,8,JA,NA,0,NA,NA,NA,0
2020-12-07T00:00:00Z,3D6.1D5958AC4E,151,32.9,1251,NA,9,EC,jeff,3D6.1D5958AC4E,2021-04-22T00:00:00Z,235,130.9,Smolt,3,9,AM,NA,0,NA,NA,NA,0
2020-12-08T00:00:00Z,3D6.1D5958AD8A,124,22.4,1424,NA,8,EC,jeff,3D6.1D5958AD8A,2021-04-22T00:00:00Z,196,85.7,Smolt,3,8,JA,NA,0,NA,NA,NA,0
2020-12-08T00:00:00Z,3D6.1D594D7B0A,119,18.2,1381,NA,8,EC,jeff,3D6.1D594D7B0A,2021-04-22T00:00:00Z,185,74.8,Smolt,3,8,JA,NA,0,NA,NA,NA,0
2020-12-07T00:00:00Z,3D6.1D59590AD9,128,22,1229,NA,9,EC,jeff,3D6.1D59590AD9,2021-04-22T00:00:00Z,202,96.6,Smolt,3,9,AM,NA,0,NA,NA,NA,0
2020-12-08T00:00:00Z,3D6.1D59590FFF,111,14.3,295,NA,8,EC,rob,3D6.1D59590FFF,2021-04-22T00:00:00Z,188,70.7,Smolt,3,8,JA,NA,0,NA,NA,NA,0
2020-12-08T00:00:00Z,3D6.1D594D7ABC,118,18.4,1367,NA,8,EC,jeff,3D6.1D594D7ABC,2021-04-22T00:00:00Z,190,80.9,Smolt,3,8,JA,NA,0,NA,NA,NA,0
2020-12-08T00:00:00Z,3D6.1D59588ACE,113,15.8,365,NA,8,EC,rob,3D6.1D59588ACE,2021-04-22T00:00:00Z,188,73.6,Smolt,3,8,JA,NA,0,NA,NA,NA,0
2020-12-07T00:00:00Z,3D6.1D59586F0D,127,23.8,1206,NA,9,EC,jeff,3D6.1D59586F0D,2021-04-22T00:00:00Z,202,94.9,Smolt,3,9,AM,NA,0,NA,NA,NA,0
2020-12-08T00:00:00Z,3D6.1D59590C18,134,25.4,1337,NA,8,EC,jeff,3D6.1D59590C18,2021-04-22T00:00:00Z,209,100.3,Smolt,3,8,AM,NA,0,NA,NA,NA,0
2020-12-08T00:00:00Z,3D6.1D59538E50,119,18,1314,NA,8,EC,jeff,3D6.1D59538E50,2021-04-22T00:00:00Z,199,86.4,Smolt,3,8,JA,NA,0,NA,NA,NA,0
2020-12-08T00:00:00Z,3D6.1D5958ADDC,113,15.7,350,NA,8,EC,rob,3D6.1D5958ADDC,2021-04-22T00:00:00Z,187,75.8,Smolt,3,8,JA,NA,0,NA,NA,NA,0
2020-12-07T00:00:00Z,3D6.1D59587142,109,13.3,189,NA,9,EC,rob,3D6.1D59587142,2021-04-22T00:00:00Z,177,64.4,Smolt,3,9,AM,NA,0,NA,NA,NA,0
2020-12-07T00:00:00Z,3D6.1D59592103,122,21.8,205,NA,9,EC,rob,3D6.1D59592103,2021-04-22T00:00:00Z,196,85.2,Smolt,3,9,JA,NA,0,NA,NA,NA,0
2020-12-07T00:00:00Z,3D6.1D595915A2,118,17.9,233,NA,9,EC,rob,3D6.1D595915A2,2021-04-22T00:00:00Z,198,87,Smolt,3,9,AM,NA,0,NA,NA,NA,0
2020-12-08T00:00:00Z,3D6.1D59538B1A,122,20.6,1411,NA,8,EC,jeff,3D6.1D59538B1A,2021-04-22T00:00:00Z,188,74,Smolt,3,8,AM,3D6.1D59538B1A,1,2021-05-08T00:00:00Z,35,186,0
2020-12-07T00:00:00Z,3D6.1D5958708E,119,17.7,239,NA,9,EC,rob,3D6.1D5958708E,2021-04-22T00:00:00Z,193,78.5,Smolt,3,9,JA,3D6.1D5958708E,1,2021-05-10T00:00:00Z,34,188,0
2020-12-07T00:00:00Z,3D6.1D59592360,138,30.9,1190,NA,9,EC,jeff,3D6.1D59592360,2021-04-22T00:00:00Z,202,87.4,Smolt,3,9,JA,3D6.1D59592360,1,2021-05-10T00:00:00Z,35,186,0
2020-12-07T00:00:00Z,3D6.1D59592905,116,17.2,1216,NA,9,EC,jeff,3D6.1D59592905,2021-04-22T00:00:00Z,201,89.8,Smolt,3,9,JA,3D6.1D59592905,1,2021-05-14T00:00:00Z,35,197,0
2020-12-07T00:00:00Z,3D6.1D5958B05C,131,23.4,1279,NA,9,EC,jeff,3D6.1D5958B05C,2021-04-22T00:00:00Z,213,112.6,Smolt,3,9,AM,3D6.1D5958B05C,1,2021-05-12T00:00:00Z,34,211,0
2020-12-08T00:00:00Z,3D6.1D594D85A0,127,22.8,1324,NA,8,EC,jeff,3D6.1D594D85A0,2021-04-22T00:00:00Z,195,85,Smolt,3,8,JA,3D6.1D594D85A0,1,2021-05-06T00:00:00Z,34,193,0
2020-12-07T00:00:00Z,3D6.1D5958A745,125,21.2,1241,NA,9,EC,jeff,3D6.1D5958A745,2021-04-22T00:00:00Z,212,101.4,Smolt,3,9,JA,3D6.1D5958A745,1,2021-05-10T00:00:00Z,35,203,0
2020-12-07T00:00:00Z,3D6.1D595898C9,130,24.6,1282,NA,9,EC,jeff,3D6.1D595898C9,2021-04-22T00:00:00Z,196,92.6,Smolt,3,9,JA,3D6.1D595898C9,1,2021-05-08T00:00:00Z,34,192,0
2020-12-07T00:00:00Z,3D6.1D5959210E,133,24.1,1253,NA,9,EC,jeff,3D6.1D5959210E,2021-04-22T00:00:00Z,216,104.7,Smolt,3,9,JA,3D6.1D5959210E,1,2021-05-07T00:00:00Z,35,211,0
2020-12-08T00:00:00Z,3D6.1D59590E67,131,24,343,NA,8,EC,rob,3D6.1D59590E67,2021-04-22T00:00:00Z,195,78.5,Smolt,3,8,JA,3D6.1D59590E67,1,2021-05-06T00:00:00Z,35,192,0
2020-12-07T00:00:00Z,3D6.1D59589F58,127,21.3,1188,NA,9,EC,jeff,3D6.1D59589F58,2021-04-22T00:00:00Z,200,81.8,Smolt,3,9,JA,3D6.1D59589F58,1,2021-05-06T00:00:00Z,34,195,0
2020-12-07T00:00:00Z,3D6.1D595899F1,148,34.9,1304,NA,9,EC,jeff,3D6.1D595899F1,2021-04-22T00:00:00Z,224,124,Smolt,3,9,JA,3D6.1D595899F1,1,2021-05-07T00:00:00Z,35,223,0
2020-12-07T00:00:00Z,3D6.1D59585857,128,21.7,1267,NA,9,EC,jeff,3D6.1D59585857,2021-04-22T00:00:00Z,212,99.2,Smolt,3,9,JA,3D6.1D59585857,1,2021-05-10T00:00:00Z,35,211,0
2020-12-08T00:00:00Z,3D6.1D595912E0,138,30.6,283,NA,8,EC,rob,3D6.1D595912E0,2021-04-22T00:00:00Z,209,97.3,Smolt,3,8,JA,3D6.1D595912E0,1,2021-05-07T00:00:00Z,35,206,0
2020-12-08T00:00:00Z,3D6.1D5958AC0A,114,17.1,271,NA,8,EC,rob,3D6.1D5958AC0A,2021-04-22T00:00:00Z,200,88.3,Smolt,3,8,JA,3D6.1D5958AC0A,1,2021-05-14T00:00:00Z,35,198,0
2020-12-07T00:00:00Z,3D6.1D59585735,116,16.4,185,NA,9,EC,rob,3D6.1D59585735,2021-04-22T00:00:00Z,199,76,Smolt,3,9,JA,3D6.1D59585735,1,2021-05-07T00:00:00Z,34,193,0
2020-12-08T00:00:00Z,3D6.1D59590127,141,28.6,358,NA,8,EC,rob,3D6.1D59590127,2021-04-22T00:00:00Z,222,114,Smolt,3,8,JA,3D6.1D59590127,1,2021-05-10T00:00:00Z,34,210,0
2020-12-08T00:00:00Z,3D6.1D5953916E,138,28,356,NA,8,EC,rob,3D6.1D5953916E,2021-04-22T00:00:00Z,208,97,Smolt,3,8,JA,3D6.1D5953916E,1,2021-05-13T00:00:00Z,34,200,0
2020-12-08T00:00:00Z,3D6.1D5958A2E9,115,16.7,261,NA,8,EC,rob,3D6.1D5958A2E9,2021-04-22T00:00:00Z,185,67.5,Smolt,3,8,JA,3D6.1D5958A2E9,1,2021-05-06T00:00:00Z,34,177,0
2020-12-07T00:00:00Z,3D6.1D59587B0F,137,28.5,1232,NA,9,EC,jeff,3D6.1D59587B0F,2021-04-22T00:00:00Z,220,121.7,Smolt,3,9,JA,3D6.1D59587B0F,1,2021-05-13T00:00:00Z,35,221,0
2020-12-08T00:00:00Z,3D6.1D5958AB69,115,16.9,336,NA,8,EC,rob,3D6.1D5958AB69,2021-04-22T00:00:00Z,197,88.4,Smolt,3,8,JA,3D6.1D5958AB69,1,2021-05-10T00:00:00Z,35,190,0
2020-12-08T00:00:00Z,3D6.1D5958914B,112,22.1,1346,NA,8,EC,jeff,3D6.1D5958914B,2021-04-22T00:00:00Z,201,79.3,Smolt,3,8,JA,3D6.1D5958914B,1,2021-05-06T00:00:00Z,35,192,0
2020-12-07T00:00:00Z,3D6.1D59585F0A,120,15.6,1248,NA,9,EC,jeff,3D6.1D59585F0A,2021-04-22T00:00:00Z,201,95.5,Smolt,3,9,JA,3D6.1D59585F0A,1,2021-05-10T00:00:00Z,34,131,0
2020-12-08T00:00:00Z,3D6.1D59590001,128,23.1,1353,NA,8,EC,jeff,3D6.1D59590001,2021-04-22T00:00:00Z,218,116.4,Smolt,3,8,JA,3D6.1D59590001,1,2021-05-12T00:00:00Z,34,208,0
2020-12-07T00:00:00Z,3D6.1D59586901,130,23.2,1235,NA,9,EC,jeff,3D6.1D59586901,2021-04-22T00:00:00Z,204,93.9,Smolt,3,9,JA,3D6.1D59586901,1,2021-05-13T00:00:00Z,35,201,0
2020-12-08T00:00:00Z,3D6.1D595905DE,119,18.3,1382,NA,8,EC,jeff,3D6.1D595905DE,2021-04-22T00:00:00Z,193,80.4,Smolt,3,8,JA,3D6.1D595905DE,1,2021-05-08T00:00:00Z,34,188,0
2020-12-08T00:00:00Z,3D6.1D59592DEF,118,16.8,1406,NA,8,EC,jeff,3D6.1D59592DEF,2021-04-22T00:00:00Z,201,87,Smolt,3,8,AM,3D6.1D59592DEF,1,2021-05-12T00:00:00Z,35,197,0
2020-12-08T00:00:00Z,3D6.1D59587328,133,24,1326,NA,8,EC,jeff,3D6.1D59587328,2021-04-22T00:00:00Z,190,73.8,Smolt,3,8,AM,3D6.1D59587328,1,2021-05-06T00:00:00Z,34,187,0
2020-12-07T00:00:00Z,3D6.1D59591C1E,119,19.8,210,NA,9,EC,rob,3D6.1D59591C1E,2021-04-22T00:00:00Z,203,92.6,Smolt,3,9,JA,3D6.1D59591C1E,1,2021-05-06T00:00:00Z,34,198,0
2020-12-08T00:00:00Z,3D6.1D59591FCF,90,8.4,1551,NA,7,LC,jeff,3D6.1D59591FCF,2021-04-20T00:00:00Z,174,60.8,Smolt,3,7,AM,NA,0,NA,NA,NA,0
2020-12-08T00:00:00Z,3D6.1D595861AE,110,14.8,410,NA,3,LC,chris,3D6.1D595861AE,2021-04-21T00:00:00Z,210,102.1,Smolt,3,3,JA,NA,0,NA,NA,NA,0
2020-12-08T00:00:00Z,3D6.1D59538D18,121,19.2,428,NA,3,LC,chris,3D6.1D59538D18,2021-04-21T00:00:00Z,205,87.9,Smolt,3,3,JA,NA,0,NA,NA,NA,0
2020-12-08T00:00:00Z,3D6.1D59592135,114,16.7,403,NA,3,LC,chris,3D6.1D59592135,2021-04-21T00:00:00Z,198,87.2,Smolt,3,3,JA,NA,0,NA,NA,NA,0
2020-12-08T00:00:00Z,3D6.1D59591593,95,9,1577,NA,7,LC,jeff,3D6.1D59591593,2021-04-20T00:00:00Z,176,57.8,Smolt,3,7,JA,NA,0,NA,NA,NA,0
2020-12-08T00:00:00Z,3D6.1D59586BB5,101,11.8,449,NA,3,LC,chris,3D6.1D59586BB5,2021-04-21T00:00:00Z,194,81.9,Smolt,3,3,JA,NA,0,NA,NA,NA,0
2020-12-08T00:00:00Z,3D6.1D5958A2D7,116,17.6,1607,NA,7,LC,jeff,3D6.1D5958A2D7,2021-04-20T00:00:00Z,200,84.2,Smolt,3,7,JA,NA,0,NA,NA,NA,0
2020-12-08T00:00:00Z,3D6.1D594D6CA7,108,14.5,1459,NA,3,LC,jeff,3D6.1D594D6CA7,2021-04-21T00:00:00Z,203,92.5,Smolt,3,3,JA,NA,0,NA,NA,NA,0
2020-12-08T00:00:00Z,3D6.1D594D8814,112,14.6,1523,NA,3,LC,jeff,3D6.1D594D8814,2021-04-21T00:00:00Z,207,104.7,Smolt,3,3,JA,NA,0,NA,NA,NA,0
2020-12-08T00:00:00Z,3D6.1D59587BE3,97,11.7,426,NA,3,LC,chris,3D6.1D59587BE3,2021-04-21T00:00:00Z,185,77.8,Smolt,3,3,JA,NA,0,NA,NA,NA,0
2020-12-08T00:00:00Z,3D6.1D5958B511,109,14.3,1522,NA,3,LC,jeff,3D6.1D5958B511,2021-04-21T00:00:00Z,200,91.5,Smolt,3,3,JA,NA,0,NA,NA,NA,0
2020-12-08T00:00:00Z,3D6.1D59591D32,116,17.4,1539,NA,7,LC,jeff,3D6.1D59591D32,2021-04-20T00:00:00Z,212,100,Smolt,3,7,JA,NA,0,NA,NA,NA,0
2020-12-08T00:00:00Z,3D6.1D59587A6A,106,13.2,1588,NA,7,LC,jeff,3D6.1D59587A6A,2021-04-20T00:00:00Z,187,80.4,Smolt,3,7,JA,NA,0,NA,NA,NA,0
2020-12-08T00:00:00Z,3D6.1D59585D7A,121,19.6,1613,NA,7,LC,jeff,3D6.1D59585D7A,2021-04-20T00:00:00Z,208,101.7,Smolt,3,7,AM,NA,0,NA,NA,NA,0
2020-12-08T00:00:00Z,3D6.1D59589F22,119,18.4,1484,NA,3,LC,jeff,3D6.1D59589F22,2021-04-21T00:00:00Z,219,107.7,Smolt,3,3,JA,NA,0,NA,NA,NA,0
2020-12-08T00:00:00Z,3D6.1D59589F83,105,12.6,1550,NA,7,LC,jeff,3D6.1D59589F83,2021-04-20T00:00:00Z,201,90.3,Smolt,3,7,JA,NA,0,NA,NA,NA,0
2020-12-08T00:00:00Z,3D6.1D59538AB7,109,14.7,1507,NA,3,LC,jeff,3D6.1D59538AB7,2021-04-21T00:00:00Z,197,89.4,Smolt,3,3,JA,NA,0,NA,NA,NA,0
2020-12-08T00:00:00Z,3D6.1D59592E00,114,18,549,NA,7,LC,chris,3D6.1D59592E00,2021-04-20T00:00:00Z,216,123.2,Smolt,3,7,JA,NA,0,NA,NA,NA,0
2020-12-08T00:00:00Z,3D6.1D59588D82,113,17.4,473,NA,7,LC,chris,3D6.1D59588D82,2021-04-20T00:00:00Z,203,100.9,Smolt,3,7,JA,NA,0,NA,NA,NA,0
2020-12-08T00:00:00Z,3D6.1D5959184E,123,21.5,379,NA,3,LC,chris,3D6.1D5959184E,2021-04-21T00:00:00Z,191,80.4,Smolt,3,3,JA,NA,0,NA,NA,NA,0
2020-12-08T00:00:00Z,3D6.1D595883EA,111,14.9,1481,NA,3,LC,jeff,3D6.1D595883EA,2021-04-21T00:00:00Z,199,83.2,Smolt,3,3,JA,NA,0,NA,NA,NA,0
2020-12-08T00:00:00Z,3D6.1D59588261,115,15.8,1552,NA,7,LC,jeff,3D6.1D59588261,2021-04-20T00:00:00Z,205,94.2,Smolt,3,7,AM,NA,0,NA,NA,NA,0
2020-12-08T00:00:00Z,3D6.1D59538CC3,127,23,568,NA,7,LC,chris,3D6.1D59538CC3,2021-04-20T00:00:00Z,233,140.5,Smolt,3,7,JA,NA,0,NA,NA,NA,0
2020-12-08T00:00:00Z,3D6.1D5958B209,115,16.6,422,NA,3,LC,chris,3D6.1D5958B209,2021-04-21T00:00:00Z,209,105.2,Smolt,3,3,JA,NA,0,NA,NA,NA,0
2020-12-08T00:00:00Z,3D6.1D5959329E,100,12.4,1442,NA,3,LC,jeff,3D6.1D5959329E,2021-04-21T00:00:00Z,178,75.2,Smolt,3,3,JA,NA,0,NA,NA,NA,0
2020-12-08T00:00:00Z,3D6.1D595922A3,105,12.6,1429,NA,3,LC,jeff,3D6.1D595922A3,2021-04-21T00:00:00Z,193,76.8,Smolt,3,3,JA,NA,0,NA,NA,NA,0
2020-12-08T00:00:00Z,3D6.1D5958FEB8,110,14.1,368,NA,3,LC,chris,3D6.1D5958FEB8,2021-04-21T00:00:00Z,203,93.5,Smolt,3,3,JA,NA,0,NA,NA,NA,0
2020-12-08T00:00:00Z,3D6.1D59591D91,116,17.4,1595,NA,7,LC,jeff,3D6.1D59591D91,2021-04-20T00:00:00Z,206,96.9,Smolt,3,7,JA,NA,0,NA,NA,NA,0
2020-12-08T00:00:00Z,3D6.1D5958AC75,80,5.9,1604,NA,7,LC,jeff,3D6.1D5958AC75,2021-04-20T00:00:00Z,140,30.1,Smolt,3,7,AM,NA,0,NA,NA,NA,0
2020-12-08T00:00:00Z,3D6.1D59590BCF,106,13.4,551,NA,7,LC,chris,3D6.1D59590BCF,2021-04-20T00:00:00Z,195,88.4,Smolt,3,7,JA,NA,0,NA,NA,NA,0
2020-12-08T00:00:00Z,3D6.1D595851B2,108,13.7,1462,NA,3,LC,jeff,3D6.1D595851B2,2021-04-21T00:00:00Z,201,88.2,Smolt,3,3,JA,NA,0,NA,NA,NA,0
2020-12-08T00:00:00Z,3D6.1D5958A907,122,19,1548,NA,7,LC,jeff,3D6.1D5958A907,2021-04-20T00:00:00Z,209,96.3,Smolt,3,7,JA,NA,0,NA,NA,NA,0
2020-12-08T00:00:00Z,3D6.1D595882C1,118,17.6,1474,NA,3,LC,jeff,3D6.1D595882C1,2021-04-21T00:00:00Z,211,99.2,Smolt,3,3,JA,NA,0,NA,NA,NA,0
2020-12-08T00:00:00Z,3D6.1D595922D4,109,15,1536,NA,7,LC,jeff,3D6.1D595922D4,2021-04-20T00:00:00Z,196,90.5,Smolt,3,7,AM,NA,0,NA,NA,NA,0
2020-12-08T00:00:00Z,3D6.1D59588E98,104,13.3,389,NA,3,LC,chris,3D6.1D59588E98,2021-04-21T00:00:00Z,199,93.4,Smolt,3,3,JA,NA,0,NA,NA,NA,0
2020-12-08T00:00:00Z,3D6.1D59587E54,104,14.5,1504,NA,3,LC,jeff,3D6.1D59587E54,2021-04-21T00:00:00Z,193,81,Smolt,3,3,JA,NA,0,NA,NA,NA,0
2020-12-08T00:00:00Z,3D6.1D59591332,118,19,475,NA,7,LC,chris,3D6.1D59591332,2021-04-20T00:00:00Z,207,96.3,Smolt,3,7,JA,NA,0,NA,NA,NA,0
2020-12-08T00:00:00Z,3D6.1D5958AE26,89,8.2,392,NA,3,LC,chris,3D6.1D5958AE26,2021-04-21T00:00:00Z,170,51.1,Smolt,3,3,JA,3D6.1D5958AE26,1,2021-05-13T00:00:00Z,35,161,0
2020-12-08T00:00:00Z,3D6.1D595878E8,92,9.2,535,NA,7,LC,chris,3D6.1D595878E8,2021-04-20T00:00:00Z,177,65.2,Smolt,3,7,AM,3D6.1D595878E8,1,2021-05-10T00:00:00Z,35,178,0
2020-12-08T00:00:00Z,3D6.1D59591F1B,108,13.4,1514,NA,3,LC,jeff,3D6.1D59591F1B,2021-04-21T00:00:00Z,191,75.7,Smolt,3,3,JA,3D6.1D59591F1B,1,2021-05-10T00:00:00Z,35,188,0
2020-12-08T00:00:00Z,3D6.1D59585A40,110,15.6,1554,NA,7,LC,jeff,3D6.1D59585A40,2021-04-20T00:00:00Z,200,87.8,Smolt,3,7,JA,3D6.1D59585A40,1,2021-05-10T00:00:00Z,34,193,0
2020-12-08T00:00:00Z,3D6.1D59588931,118,18.2,1443,NA,3,LC,jeff,3D6.1D59588931,2021-04-21T00:00:00Z,212,100,Smolt,3,3,JA,3D6.1D59588931,1,2021-05-08T00:00:00Z,34,204,0
2020-12-08T00:00:00Z,3D6.1D595912C0,113,17.7,373,NA,3,LC,chris,3D6.1D595912C0,2021-04-21T00:00:00Z,192,81.4,Smolt,3,3,JA,3D6.1D595912C0,1,2021-05-12T00:00:00Z,35,188,0
2020-12-08T00:00:00Z,3D6.1D595889F5,107,13.7,1441,NA,3,LC,jeff,3D6.1D595889F5,2021-04-21T00:00:00Z,199,92.8,Smolt,3,3,JA,3D6.1D595889F5,1,2021-05-07T00:00:00Z,34,196,0
2020-12-08T00:00:00Z,3D6.1D59590C27,93,8.7,487,NA,7,LC,chris,3D6.1D59590C27,2021-04-20T00:00:00Z,178,55.9,Smolt,3,7,JA,3D6.1D59590C27,1,2021-05-12T00:00:00Z,34,168,0
2020-12-08T00:00:00Z,3D6.1D5958A146,88,7.3,530,NA,7,LC,chris,3D6.1D5958A146,2021-04-20T00:00:00Z,158,44.8,Smolt,3,7,AM,3D6.1D5958A146,1,2021-05-10T00:00:00Z,35,149,0
2020-12-08T00:00:00Z,3D6.1D5958A7B3,87,7.1,547,NA,7,LC,chris,3D6.1D5958A7B3,2021-04-20T00:00:00Z,150,38.3,Smolt,3,7,AM,3D6.1D5958A7B3,1,2021-05-10T00:00:00Z,34,146,0
2020-12-08T00:00:00Z,3D6.1D59591E3A,93,9.1,1501,NA,3,LC,jeff,3D6.1D59591E3A,2021-04-21T00:00:00Z,187,71.3,Smolt,3,3,JA,3D6.1D59591E3A,1,2021-05-08T00:00:00Z,35,182,0
2020-12-08T00:00:00Z,3D6.1D59588DCE,116,17.4,559,NA,7,LC,chris,3D6.1D59588DCE,2021-04-20T00:00:00Z,204,91.7,Smolt,3,7,AM,3D6.1D59588DCE,1,2021-05-08T00:00:00Z,34,203,0
2020-12-08T00:00:00Z,3D6.1D595865CC,100,12,462,NA,3,LC,chris,3D6.1D595865CC,2021-04-21T00:00:00Z,185,74.6,Smolt,3,3,JA,3D6.1D595865CC,1,2021-05-08T00:00:00Z,35,181,0
2020-12-08T00:00:00Z,3D6.1D594D8B19,118,18.8,1525,NA,3,LC,jeff,3D6.1D594D8B19,2021-04-21T00:00:00Z,194,86.3,Smolt,3,3,JA,3D6.1D594D8B19,1,2021-05-13T00:00:00Z,35,188,0
2020-12-08T00:00:00Z,3D6.1D595929B8,104,11.7,1451,NA,3,LC,jeff,3D6.1D595929B8,2021-04-21T00:00:00Z,203,88.5,Smolt,3,3,JA,3D6.1D595929B8,1,2021-05-06T00:00:00Z,35,198,0
2020-12-08T00:00:00Z,3D6.1D59592E36,108,13.4,1564,NA,7,LC,jeff,3D6.1D59592E36,2021-04-20T00:00:00Z,113,87.6,Smolt,3,7,JA,3D6.1D59592E36,1,2021-05-10T00:00:00Z,34,192,0
2020-12-08T00:00:00Z,3D6.1D5958A6AD,95,8.9,1592,NA,7,LC,jeff,3D6.1D5958A6AD,2021-04-20T00:00:00Z,186,69.3,Smolt,3,7,AM,3D6.1D5958A6AD,1,2021-05-08T00:00:00Z,35,181,0
2020-12-08T00:00:00Z,3D6.1D594D772E,103,12,1563,NA,7,LC,jeff,3D6.1D594D772E,2021-04-20T00:00:00Z,201,91.3,Smolt,3,7,AM,3D6.1D594D772E,1,2021-05-10T00:00:00Z,35,190,0
2020-12-08T00:00:00Z,3D6.1D5958A491,125,22.6,515,NA,7,LC,chris,3D6.1D5958A491,2021-04-20T00:00:00Z,229,134.3,Smolt,3,7,JA,3D6.1D5958A491,1,2021-05-12T00:00:00Z,35,225,0
2020-12-08T00:00:00Z,3D6.1D59591621,102,12.4,507,NA,7,LC,chris,3D6.1D59591621,2021-04-20T00:00:00Z,182,64.3,Smolt,3,7,AM,3D6.1D59591621,1,2021-05-07T00:00:00Z,35,190,0
